filename,plate_text,source,state
00000_MH01DE2780.jpg,MH01DE2780,plates,None
00001_MH01DE2780.jpg,MH01DE2780,plates,None
00002_MH01DE2780.jpg,MH01DE2780,plates,None
00003_MH03AR5549.jpg,MH03AR5549,plates,None
00004_MH03AR5549.jpg,MH03AR5549,plates,None
00005_MH03AR5549.jpg,MH03AR5549,plates,None
00006_MH12FU1014.jpg,MH12FU1014,plates,None
00007_MH12FU1014.jpg,MH12FU1014,plates,None
00008_MH12FU1014.jpg,MH12FU1014,plates,None
00009_MH43AF5037.jpg,MH43AF5037,plates,None
00010_MH43AF5037.jpg,MH43AF5037,plates,None
00011_MH43AF5037.jpg,MH43AF5037,plates,None
00012_MH43BU2401.jpg,MH43BU2401,plates,None
00013_MH43BU2401.jpg,MH43BU2401,plates,None
00014_MH46BV0688.jpg,MH46BV0688,plates,None
00015_MH46BV0688.jpg,MH46BV0688,plates,None
00016_MH46BV0688.jpg,MH46BV0688,plates,None
00017_MH43BP8173.jpg,MH43BP8173,plates,None
00018_MH43BP8173.jpg,MH43BP8173,plates,None
00019_MH43BP8173.jpg,MH43BP8173,plates,None
00020_MH46AD5258.jpg,MH46AD5258,plates,None
00021_MH46AD5258.jpg,MH46AD5258,plates,None
00022_MH46AD5258.jpg,MH46AD5258,plates,None
00023_MH46AD5258.jpg,MH46AD5258,plates,None
00024_MH46AD5258.jpg,MH46AD5258,plates,None
00025_MH46AD5258.jpg,MH46AD5258,plates,None
00026_MH46BF2342.jpg,MH46BF2342,plates,None
00027_MH46BF2342.jpg,MH46BF2342,plates,None
00028_MH46BF2342.jpg,MH46BF2342,plates,None
00029_MH47N4570.jpg,MH47N4570,plates,None
00030_MH47N4570.jpg,MH47N4570,plates,None
00031_MH47N4570.jpg,MH47N4570,plates,None
00032_MH47N4570.jpg,MH47N4570,plates,None
00033_MH47N4570.jpg,MH47N4570,plates,None
00034_MH47N4570.jpg,MH47N4570,plates,None
00035_MH47N4570.jpg,MH47N4570,plates,None
00036_MH47N4570.jpg,MH47N4570,plates,None
00037_MH47N4570.jpg,MH47N4570,plates,None
00038_MH01DE2780.jpg,MH01DE2780,plates1,None
00039_MH03AR5549.jpg,MH03AR5549,plates1,None
00040_MH12FU1014.jpg,MH12FU1014,plates1,None
00041_MH43AF5037.jpg,MH43AF5037,plates1,None
00042_MH43BU2401.jpg,MH43BU2401,plates1,None
00043_MH46BV0688.jpg,MH46BV0688,plates1,None
00044_MH43BP8173.jpg,MH43BP8173,plates1,None
00045_MH46AD5258.jpg,MH46AD5258,plates1,None
00046_MH46AD5258.jpg,MH46AD5258,plates1,None
00047_MH46BF2342.jpg,MH46BF2342,plates1,None
00048_MH47N4570.jpg,MH47N4570,plates1,None
00049_MH47N4570.jpg,MH47N4570,plates1,None
00050_MH47N4570.jpg,MH47N4570,plates1,None
00051_MH03DV2010.jpg,MH03DV2010,plates1,None
00052_MH03DV2010.jpg,MH03DV2010,plates1,None
00053_MH03DV2010.jpg,MH03DV2010,plates1,None
00054_MH02EK0837.jpg,MH02EK0837,plates1,None
00055_MH02EK0837.jpg,MH02EK0837,plates1,None
00056_MH05DS8679.jpg,MH05DS8679,plates1,None
00057_MH05DS8679.jpg,MH05DS8679,plates1,None
00058_MH05DS8679.jpg,MH05DS8679,plates1,None
00059_MH05DS8679.jpg,MH05DS8679,plates1,None
00060_MH05DS8679.jpg,MH05DS8679,plates1,None
00061_MH05DS8679.jpg,MH05DS8679,plates1,None
00062_MH05DS8679.jpg,MH05DS8679,plates1,None
00063_MH05DS8679.jpg,MH05DS8679,plates1,None
00064_MH05DS8679.jpg,MH05DS8679,plates1,None
00065_MH05DS8679.jpg,MH05DS8679,plates1,None
00066_MH02EK0837.jpg,MH02EK0837,plates1,None
00067_MH43AR5466.jpg,MH43AR5466,plates1,None
00068_MH02EK0837.jpg,MH02EK0837,plates1,None
00069_MH43AL8464.jpg,MH43AL8464,plates1,None
00070_MH02EK0837.jpg,MH02EK0837,plates1,None
00071_MH02EK0837.jpg,MH02EK0837,plates1,None
00072_MH02EK0837.jpg,MH02EK0837,plates1,None
00073_GJ15D0564.jpg,GJ15D0564,plates1,None
00074_GJ15D0564.jpg,GJ15D0564,plates1,None
00075_MH02EK0837.jpg,MH02EK0837,plates1,None
00076_DL3CCQ0107.jpg,DL3CCQ0107,plates1,None
00077_DL3CCQ0107.jpg,DL3CCQ0107,plates1,None
00078_DL3CCQ0107.jpg,DL3CCQ0107,plates1,None
00079_DL3CCQ0107.jpg,DL3CCQ0107,plates1,None
00080_DL3CCQ0107.jpg,DL3CCQ0107,plates1,None
00081_DL3CCQ0107.jpg,DL3CCQ0107,plates1,None
00082_DL3CCQ0107.jpg,DL3CCQ0107,plates1,None
00083_MH01AU0059.jpg,MH01AU0059,plates1,None
00084_MH01AU0059.jpg,MH01AU0059,plates1,None
00085_MH05EJ3005.jpg,MH05EJ3005,plates1,None
00086_MH01AU0059.jpg,MH01AU0059,plates1,None
00087_MH01AU0059.jpg,MH01AU0059,plates1,None
00088_MH01AU0059.jpg,MH01AU0059,plates1,None
00089_MH01AU0059.jpg,MH01AU0059,plates1,None
00090_MH01AU0059.jpg,MH01AU0059,plates1,None
00091_MH01AU0059.jpg,MH01AU0059,plates1,None
00092_MH01AU0059.jpg,MH01AU0059,plates1,None
00093_MH01AU0059.jpg,MH01AU0059,plates1,None
00094_MH01AU0059.jpg,MH01AU0059,plates1,None
00095_MH01AU0059.jpg,MH01AU0059,plates1,None
00096_MH01AU0059.jpg,MH01AU0059,plates1,None
00097_MH01AU0059.jpg,MH01AU0059,plates1,None
00098_MH01AU0059.jpg,MH01AU0059,plates1,None
00099_MH01AU0059.jpg,MH01AU0059,plates1,None
00100_MH01AU0059.jpg,MH01AU0059,plates1,None
00101_MH47Y1124.jpg,MH47Y1124,plates1,None
00102_MH47Y1124.jpg,MH47Y1124,plates1,None
00103_MH47Y1124.jpg,MH47Y1124,plates1,None
00104_MH47Y1124.jpg,MH47Y1124,plates1,None
00105_MH47Y1124.jpg,MH47Y1124,plates1,None
00106_MH47Y1124.jpg,MH47Y1124,plates1,None
00107_MH47Y1124.jpg,MH47Y1124,plates1,None
00108_MH47Y1124.jpg,MH47Y1124,plates1,None
00109_MH47Y1124.jpg,MH47Y1124,plates1,None
00110_MH47Y1124.jpg,MH47Y1124,plates1,None
00111_MH47Y1124.jpg,MH47Y1124,plates1,None
00112_MH47Y1124.jpg,MH47Y1124,plates1,None
00113_MH47Y1124.jpg,MH47Y1124,plates1,None
00114_MH47Y1124.jpg,MH47Y1124,plates1,None
00115_MH47Y1124.jpg,MH47Y1124,plates1,None
00116_MH47Y1124.jpg,MH47Y1124,plates1,None
00117_MH04EX7505.jpg,MH04EX7505,plates1,None
00118_MH04EX7505.jpg,MH04EX7505,plates1,None
00119_MH47Y1124.jpg,MH47Y1124,plates1,None
00120_MH47Y1124.jpg,MH47Y1124,plates1,None
00121_MH47Y1124.jpg,MH47Y1124,plates1,None
00122_MH01DB1477.jpg,MH01DB1477,plates1,None
00123_MH01DB1477.jpg,MH01DB1477,plates1,None
00124_MH01DB1477.jpg,MH01DB1477,plates1,None
00125_MH12RT1105.jpg,MH12RT1105,plates1,None
00126_MH01DB1477.jpg,MH01DB1477,plates1,None
00127_MH12RT1105.jpg,MH12RT1105,plates1,None
00128_MH01DB1477.jpg,MH01DB1477,plates1,None
00129_MH01DB1477.jpg,MH01DB1477,plates1,None
00130_MH01DB1477.jpg,MH01DB1477,plates1,None
00131_MH01DB1477.jpg,MH01DB1477,plates1,None
00132_MH02EZ2599.jpg,MH02EZ2599,plates1,None
00133_MH02BQ9628.jpg,MH02BQ9628,plates1,None
00134_MH02BQ9628.jpg,MH02BQ9628,plates1,None
00135_MH02BQ9628.jpg,MH02BQ9628,plates1,None
00136_MH02BQ9628.jpg,MH02BQ9628,plates1,None
00137_MH02BQ9628.jpg,MH02BQ9628,plates1,None
00138_MH02BQ9628.jpg,MH02BQ9628,plates1,None
00139_MH02BQ9628.jpg,MH02BQ9628,plates1,None
00140_MH02BQ9628.jpg,MH02BQ9628,plates1,None
00141_MH02BQ9628.jpg,MH02BQ9628,plates1,None
00142_MH02BQ9628.jpg,MH02BQ9628,plates1,None
00143_MH02BQ9628.jpg,MH02BQ9628,plates1,None
00144_MH02BQ9628.jpg,MH02BQ9628,plates1,None
00145_MH02BQ9628.jpg,MH02BQ9628,plates1,None
00146_MH02BQ9628.jpg,MH02BQ9628,plates1,None
00147_MH47Y1124.jpg,MH47Y1124,plates1,None
00148_MH47Y1124.jpg,MH47Y1124,plates1,None
00149_MH47Y1124.jpg,MH47Y1124,plates1,None
00150_MH47Y1124.jpg,MH47Y1124,plates1,None
00151_MH47Y1124.jpg,MH47Y1124,plates1,None
00152_MH47Y1124.jpg,MH47Y1124,plates1,None
00153_MH47Y1124.jpg,MH47Y1124,plates1,None
00154_MH47Y1124.jpg,MH47Y1124,plates1,None
00155_MH47Y1124.jpg,MH47Y1124,plates1,None
00156_MH47Y1124.jpg,MH47Y1124,plates1,None
00157_MH47Y1124.jpg,MH47Y1124,plates1,None
00158_MH02DQ0196.jpg,MH02DQ0196,plates1,None
00159_MH02DQ0196.jpg,MH02DQ0196,plates1,None
00160_MH02DQ0196.jpg,MH02DQ0196,plates1,None
00161_MH02DQ0196.jpg,MH02DQ0196,plates1,None
00162_MH47Y1124.jpg,MH47Y1124,plates1,None
00163_MH47Y1124.jpg,MH47Y1124,plates1,None
00164_MH47Y1124.jpg,MH47Y1124,plates1,None
00165_MH47Y1124.jpg,MH47Y1124,plates1,None
00166_MH47Y1124.jpg,MH47Y1124,plates1,None
00167_MH43BK9513.jpg,MH43BK9513,plates1,None
00168_MH47AV6753.jpg,MH47AV6753,plates1,None
00169_MH47AV6753.jpg,MH47AV6753,plates1,None
00170_MH43BK9513.jpg,MH43BK9513,plates1,None
00171_MH47AV6753.jpg,MH47AV6753,plates1,None
00172_MH47AV6753.jpg,MH47AV6753,plates1,None
00173_MH47AV6753.jpg,MH47AV6753,plates1,None
00174_MH47AV6753.jpg,MH47AV6753,plates1,None
00175_MH47AV6753.jpg,MH47AV6753,plates1,None
00176_MH47AV6753.jpg,MH47AV6753,plates1,None
00177_MH47AV6753.jpg,MH47AV6753,plates1,None
00178_MH47AV6753.jpg,MH47AV6753,plates1,None
00179_MH47AV6753.jpg,MH47AV6753,plates1,None
00180_MH12FT9458.jpg,MH12FT9458,plates1,None
00181_MH04JL5547.jpg,MH04JL5547,plates1,None
00182_MH04JL5547.jpg,MH04JL5547,plates1,None
00183_MH04JL5547.jpg,MH04JL5547,plates1,None
00184_MH47Y1124.jpg,MH47Y1124,plates1,None
00185_MH47Y1124.jpg,MH47Y1124,plates1,None
00186_MH47Y1124.jpg,MH47Y1124,plates1,None
00187_MH47Y1124.jpg,MH47Y1124,plates1,None
00188_MH03BS4060.jpg,MH03BS4060,plates1,None
00189_MH03BS4060.jpg,MH03BS4060,plates1,None
00190_MH03BS4060.jpg,MH03BS4060,plates1,None
00191_MH03BS4060.jpg,MH03BS4060,plates1,None
00192_MH03BS4060.jpg,MH03BS4060,plates1,None
00193_MH03BS4060.jpg,MH03BS4060,plates1,None
00194_MH03BS4060.jpg,MH03BS4060,plates1,None
00195_MH03BS4060.jpg,MH03BS4060,plates1,None
00196_MH03BS4060.jpg,MH03BS4060,plates1,None
00197_MH03BS4060.jpg,MH03BS4060,plates1,None
00198_MH03BS4060.jpg,MH03BS4060,plates1,None
00199_MH03BS4060.jpg,MH03BS4060,plates1,None
00200_MH03BS4060.jpg,MH03BS4060,plates1,None
00201_MH03BS4060.jpg,MH03BS4060,plates1,None
00202_MH03BS4060.jpg,MH03BS4060,plates1,None
00203_MH03BS4060.jpg,MH03BS4060,plates1,None
00204_MH02WA8344.jpg,MH02WA8344,plates1,None
00205_MH04HM4154.jpg,MH04HM4154,plates1,None
00206_MH04HM4154.jpg,MH04HM4154,plates1,None
00207_MH04HM4154.jpg,MH04HM4154,plates1,None
00208_MH02BQ9628.jpg,MH02BQ9628,plates1,None
00209_MH02BQ9628.jpg,MH02BQ9628,plates1,None
00210_MH05DK1018.jpg,MH05DK1018,plates1,None
00211_MH05DK1018.jpg,MH05DK1018,plates1,None
00212_MH05DK1018.jpg,MH05DK1018,plates1,None
00213_MH05DK1018.jpg,MH05DK1018,plates1,None
00214_MH02BQ9628.jpg,MH02BQ9628,plates1,None
00215_MH02BQ9628.jpg,MH02BQ9628,plates1,None
00216_MH02BQ9628.jpg,MH02BQ9628,plates1,None
00217_MH02BQ9628.jpg,MH02BQ9628,plates1,None
00218_MH03AT3856.jpg,MH03AT3856,plates1,None
00219_MH03AT3856.jpg,MH03AT3856,plates1,None
00220_MH03CB0229.jpg,MH03CB0229,plates1,None
00221_MH03AR7140.jpg,MH03AR7140,plates1,None
00222_MH03AR7140.jpg,MH03AR7140,plates1,None
00223_MH04JM8262.jpg,MH04JM8262,plates1,None
00224_MH03AR7140.jpg,MH03AR7140,plates1,None
00225_MH03DK2961.jpg,MH03DK2961,plates1,None
00226_MH03DK2961.jpg,MH03DK2961,plates1,None
00227_MH03AF1911.jpg,MH03AF1911,plates1,None
00228_MH01AM9839.jpg,MH01AM9839,plates1,None
00229_MH01AM9839.jpg,MH01AM9839,plates1,None
00230_MH02DZ9898.jpg,MH02DZ9898,plates1,None
00231_MH02DZ9898.jpg,MH02DZ9898,plates1,None
00232_MH04JM3383.jpg,MH04JM3383,plates1,None
00233_MH01DB2561.jpg,MH01DB2561,plates1,None
00234_MH01DB2561.jpg,MH01DB2561,plates1,None
00235_MH01BT4302.jpg,MH01BT4302,plates1,None
00236_MH01BM4824.jpg,MH01BM4824,plates1,None
00237_MH01BM4824.jpg,MH01BM4824,plates1,None
00238_MH01BM4824.jpg,MH01BM4824,plates1,None
00239_MH03DU5196.jpg,MH03DU5196,plates1,None
00240_MH03DU5196.jpg,MH03DU5196,plates1,None
00241_MH03DU5196.jpg,MH03DU5196,plates1,None
00242_MH01DK4867.jpg,MH01DK4867,plates1,None
00243_MH02CW8226.jpg,MH02CW8226,plates1,None
00244_MH01DK4867.jpg,MH01DK4867,plates1,None
00245_MH02CW8226.jpg,MH02CW8226,plates1,None
00246_MH02MA5324.jpg,MH02MA5324,plates1,None
00247_MH02MA5324.jpg,MH02MA5324,plates1,None
00248_MH02MA5324.jpg,MH02MA5324,plates1,None
00249_MH02MA5324.jpg,MH02MA5324,plates1,None
00250_MH02MA5324.jpg,MH02MA5324,plates1,None
00251_MH02MA5324.jpg,MH02MA5324,plates1,None
00252_MH02MA5324.jpg,MH02MA5324,plates1,None
00253_MH02MA5324.jpg,MH02MA5324,plates1,None
00254_MH01AM5810.jpg,MH01AM5810,plates1,None
00255_MH01AM5810.jpg,MH01AM5810,plates1,None
00256_MH01AM5810.jpg,MH01AM5810,plates1,None
00257_MH01AX3070.jpg,MH01AX3070,plates1,None
00258_MH01AX3070.jpg,MH01AX3070,plates1,None
00259_MH01AX3070.jpg,MH01AX3070,plates1,None
00260_MH01AX3070.jpg,MH01AX3070,plates1,None
00261_MH01AX3070.jpg,MH01AX3070,plates1,None
00262_MH03CP1328.jpg,MH03CP1328,plates1,None
00263_MH03CP1328.jpg,MH03CP1328,plates1,None
00264_MH03CP1328.jpg,MH03CP1328,plates1,None
00265_MH03CP1328.jpg,MH03CP1328,plates1,None
00266_MH03CP1328.jpg,MH03CP1328,plates1,None
00267_MH03CP1328.jpg,MH03CP1328,plates1,None
00268_MH03CP1328.jpg,MH03CP1328,plates1,None
00269_MH03CP1328.jpg,MH03CP1328,plates1,None
00270_MH03CP1328.jpg,MH03CP1328,plates1,None
00271_MH03CP1328.jpg,MH03CP1328,plates1,None
00272_MH01AM7014.jpg,MH01AM7014,plates1,None
00273_MH01AM7014.jpg,MH01AM7014,plates1,None
00274_MH02DQ0196.jpg,MH02DQ0196,plates1,None
00275_MH02DQ0196.jpg,MH02DQ0196,plates1,None
00276_MH01AX3070.jpg,MH01AX3070,plates1,None
00277_MH01AX3070.jpg,MH01AX3070,plates1,None
00278_MH01AX3070.jpg,MH01AX3070,plates1,None
00279_MH01AX3070.jpg,MH01AX3070,plates1,None
00280_MH01AX3070.jpg,MH01AX3070,plates1,None
00281_MH01AX3070.jpg,MH01AX3070,plates1,None
00282_MH01AX3070.jpg,MH01AX3070,plates1,None
00283_MH01AX3070.jpg,MH01AX3070,plates1,None
00284_MH47Y1124.jpg,MH47Y1124,plates1,None
00285_MH47Y1124.jpg,MH47Y1124,plates1,None
00286_MH02BG9542.jpg,MH02BG9542,plates1,None
00287_MH02BG9542.jpg,MH02BG9542,plates1,None
00288_GJ15CD0564.jpg,GJ15CD0564,plates1,None
00289_GJ15CD0564.jpg,GJ15CD0564,plates1,None
00290_MH02BG9542.jpg,MH02BG9542,plates1,None
00291_MH02BG9542.jpg,MH02BG9542,plates1,None
00292_MH02BG9542.jpg,MH02BG9542,plates1,None
00293_MH02BG9542.jpg,MH02BG9542,plates1,None
00294_MH02EK4399.jpg,MH02EK4399,plates1,None
00295_MH01DP5662.jpg,MH01DP5662,plates1,None
00296_MH02EN6828.jpg,MH02EN6828,plates1,None
00297_DL8CN6308.jpg,DL8CN6308,plates1,None
00298_DL8CN6308.jpg,DL8CN6308,plates1,None
00299_DL8CN6308.jpg,DL8CN6308,plates1,None
00300_DL8CN6308.jpg,DL8CN6308,plates1,None
00301_DL8CN6308.jpg,DL8CN6308,plates1,None
00302_MH02EK4399.jpg,MH02EK4399,plates1,None
00303_DL8CN6308.jpg,DL8CN6308,plates1,None
00304_DL8CN6308.jpg,DL8CN6308,plates1,None
00305_MH47Y0205.jpg,MH47Y0205,plates1,None
00306_MH02EU4884.jpg,MH02EU4884,plates1,None
00307_MH47Y0205.jpg,MH47Y0205,plates1,None
00308_MH47Y0205.jpg,MH47Y0205,plates1,None
00309_MH47Y0205.jpg,MH47Y0205,plates1,None
00310_MH02EU4884.jpg,MH02EU4884,plates1,None
00311_MH02EU4884.jpg,MH02EU4884,plates1,None
00312_MH02EK5817.jpg,MH02EK5817,plates1,None
00313_MH02DN8718.jpg,MH02DN8718,plates1,None
00314_MH03DA4505.jpg,MH03DA4505,plates1,None
00315_MH02DN8718.jpg,MH02DN8718,plates1,None
00316_MH02DN8718.jpg,MH02DN8718,plates1,None
00317_MH02EP4454.jpg,MH02EP4454,plates1,None
00318_MH02EU4884.jpg,MH02EU4884,plates1,None
00319_MH02EZ6482.jpg,MH02EZ6482,plates1,None
00320_MH03BS8519.jpg,MH03BS8519,plates1,None
00321_MH47AG4326.jpg,MH47AG4326,plates1,None
00322_MH02AQ2299.jpg,MH02AQ2299,plates1,None
00323_MH02AQ2299.jpg,MH02AQ2299,plates1,None
00324_MH02AQ2299.jpg,MH02AQ2299,plates1,None
00325_MH47N2829.jpg,MH47N2829,plates1,None
00326_MH47N2829.jpg,MH47N2829,plates1,None
00327_MH47N2829.jpg,MH47N2829,plates1,None
00328_MH02DN8718.jpg,MH02DN8718,plates1,None
00329_MH02DN8718.jpg,MH02DN8718,plates1,None
00330_MH02AQ2299.jpg,MH02AQ2299,plates1,None
00331_MH02DN8718.jpg,MH02DN8718,plates1,None
00332_MH02AQ2299.jpg,MH02AQ2299,plates1,None
00333_MH02BT6482.jpg,MH02BT6482,plates1,None
00334_MH02DN8718.jpg,MH02DN8718,plates1,None
00335_MH02BT6482.jpg,MH02BT6482,plates1,None
00336_MH02BT6482.jpg,MH02BT6482,plates1,None
00337_MH02BT6482.jpg,MH02BT6482,plates1,None
00338_MH02DN8718.jpg,MH02DN8718,plates1,None
00339_MH02BT6482.jpg,MH02BT6482,plates1,None
00340_MH04HP6100.jpg,MH04HP6100,plates1,None
00341_MH04HP6100.jpg,MH04HP6100,plates1,None
00342_MH02DN8718.jpg,MH02DN8718,plates1,None
00343_MH01AV8814.jpg,MH01AV8814,plates1,None
00344_MH01AV8814.jpg,MH01AV8814,plates1,None
00345_MH02DN8718.jpg,MH02DN8718,plates1,None
00346_MH01AV8814.jpg,MH01AV8814,plates1,None
00347_MH01AV8814.jpg,MH01AV8814,plates1,None
00348_MH02DN8718.jpg,MH02DN8718,plates1,None
00349_MH02BT6482.jpg,MH02BT6482,plates1,None
00350_MH02BT6482.jpg,MH02BT6482,plates1,None
00351_MH02DN8718.jpg,MH02DN8718,plates1,None
00352_MH02DN8718.jpg,MH02DN8718,plates1,None
00353_MH02BT6482.jpg,MH02BT6482,plates1,None
00354_MH02BT6482.jpg,MH02BT6482,plates1,None
00355_MH02BT6482.jpg,MH02BT6482,plates1,None
00356_MH02DN8718.jpg,MH02DN8718,plates1,None
00357_MH02BT6482.jpg,MH02BT6482,plates1,None
00358_MH02BT6482.jpg,MH02BT6482,plates1,None
00359_MH02BT6482.jpg,MH02BT6482,plates1,None
00360_MH02BT6482.jpg,MH02BT6482,plates1,None
00361_MH02BT6482.jpg,MH02BT6482,plates1,None
00362_MH02BT6482.jpg,MH02BT6482,plates1,None
00363_MH02BT6482.jpg,MH02BT6482,plates1,None
00364_MH02BT6482.jpg,MH02BT6482,plates1,None
00365_MH02BT6482.jpg,MH02BT6482,plates1,None
00366_MH02BJ2456.jpg,MH02BJ2456,plates1,None
00367_MH02BJ2456.jpg,MH02BJ2456,plates1,None
00368_MH02BJ2456.jpg,MH02BJ2456,plates1,None
00369_MH02BR4503.jpg,MH02BR4503,plates1,None
00370_ME02EE4077.jpg,ME02EE4077,plates1,None
00371_MH02EE8407.jpg,MH02EE8407,plates1,None
00372_MH02EE8407.jpg,MH02EE8407,plates1,None
00373_MH02EE8407.jpg,MH02EE8407,plates1,None
00374_MH02EE8407.jpg,MH02EE8407,plates1,None
00375_MH02EK4399.jpg,MH02EK4399,plates1,None
00376_MH02EK4399.jpg,MH02EK4399,plates1,None
00377_MH02EK4399.jpg,MH02EK4399,plates1,None
00378_MH02EK4399.jpg,MH02EK4399,plates1,None
00379_MH02BT6482.jpg,MH02BT6482,plates1,None
00380_MH02BT6482.jpg,MH02BT6482,plates1,None
00381_MH02BT6482.jpg,MH02BT6482,plates1,None
00382_MH02BT6482.jpg,MH02BT6482,plates1,None
00383_MH02BT6482.jpg,MH02BT6482,plates1,None
00384_MH02CL4017.jpg,MH02CL4017,plates1,None
00385_MH02CL4017.jpg,MH02CL4017,plates1,None
00386_MH02CL4017.jpg,MH02CL4017,plates1,None
00387_MH14DX9938.jpg,MH14DX9938,plates1,None
00388_MH14DX9938.jpg,MH14DX9938,plates1,None
00389_MH14DX9938.jpg,MH14DX9938,plates1,None
00390_MH14DX9938.jpg,MH14DX9938,plates1,None
00391_MH14DX9938.jpg,MH14DX9938,plates1,None
00392_MH02EE8407.jpg,MH02EE8407,plates1,None
00393_MH02EE8407.jpg,MH02EE8407,plates1,None
00394_MH02EE8407.jpg,MH02EE8407,plates1,None
00395_MH02EE8407.jpg,MH02EE8407,plates1,None
00396_MH02EE8407.jpg,MH02EE8407,plates1,None
00397_MH02EE8407.jpg,MH02EE8407,plates1,None
00398_MH02EE8407.jpg,MH02EE8407,plates1,None
00399_MH02BT6482.jpg,MH02BT6482,plates1,None
00400_MH02BT6482.jpg,MH02BT6482,plates1,None
00401_MH02BT6482.jpg,MH02BT6482,plates1,None
00402_MH02BT6482.jpg,MH02BT6482,plates1,None
00403_MH02BT6482.jpg,MH02BT6482,plates1,None
00404_MH02BT6482.jpg,MH02BT6482,plates1,None
00405_MH02BT6482.jpg,MH02BT6482,plates1,None
00406_MH02BT6482.jpg,MH02BT6482,plates1,None
00407_MH02EU4077.jpg,MH02EU4077,plates1,None
00408_MH02EU4077.jpg,MH02EU4077,plates1,None
00409_MH02EU4077.jpg,MH02EU4077,plates1,None
00410_MH02EU4077.jpg,MH02EU4077,plates1,None
00411_MH02EU4077.jpg,MH02EU4077,plates1,None
00412_MH02EU4077.jpg,MH02EU4077,plates1,None
00413_MH02EU4077.jpg,MH02EU4077,plates1,None
00414_MH02EU4077.jpg,MH02EU4077,plates1,None
00415_MH01BD2186.jpg,MH01BD2186,plates1,None
00416_MH01BD2186.jpg,MH01BD2186,plates1,None
00417_MH02ER9194.jpg,MH02ER9194,plates1,None
00418_MH02ER9194.jpg,MH02ER9194,plates1,None
00419_MH02ER9194.jpg,MH02ER9194,plates1,None
00420_MH02ER9194.jpg,MH02ER9194,plates1,None
00421_MH02ER9194.jpg,MH02ER9194,plates1,None
00422_MH02ER9194.jpg,MH02ER9194,plates1,None
00423_MH02BT6482.jpg,MH02BT6482,plates1,None
00424_MH02BT6482.jpg,MH02BT6482,plates1,None
00425_MH02BT6482.jpg,MH02BT6482,plates1,None
00426_MH02BT6482.jpg,MH02BT6482,plates1,None
00427_MH02BT6482.jpg,MH02BT6482,plates1,None
00428_MH02BT6482.jpg,MH02BT6482,plates1,None
00429_MH02BT6482.jpg,MH02BT6482,plates1,None
00430_MH02BT6482.jpg,MH02BT6482,plates1,None
00431_MH02BT6482.jpg,MH02BT6482,plates1,None
00432_MH14FS5229.jpg,MH14FS5229,plates1,None
00433_MH01CT1710.jpg,MH01CT1710,plates1,None
00434_MH14FM6930.jpg,MH14FM6930,plates1,None
00435_MH02EP5740.jpg,MH02EP5740,plates1,None
00436_MH02EP5740.jpg,MH02EP5740,plates1,None
00437_MH02ER9194.jpg,MH02ER9194,plates1,None
00438_MH02ER9194.jpg,MH02ER9194,plates1,None
00439_MH02ER9194.jpg,MH02ER9194,plates1,None
00440_MH02ER9194.jpg,MH02ER9194,plates1,None
00441_MH02ER9194.jpg,MH02ER9194,plates1,None
00442_MH02ER9194.jpg,MH02ER9194,plates1,None
00443_MH02ER9194.jpg,MH02ER9194,plates1,None
00444_MH02ER9194.jpg,MH02ER9194,plates1,None
00445_MH02ER9194.jpg,MH02ER9194,plates1,None
00446_MH02ER9194.jpg,MH02ER9194,plates1,None
00447_MH02ER9194.jpg,MH02ER9194,plates1,None
00448_MH02ER9194.jpg,MH02ER9194,plates1,None
00449_MH02ER9194.jpg,MH02ER9194,plates1,None
00450_GJ12FA0735.jpg,GJ12FA0735,plates1,None
00451_MH02DS3099.jpg,MH02DS3099,plates1,None
00452_MH02DS3099.jpg,MH02DS3099,plates1,None
00453_MH04DW9020.jpg,MH04DW9020,plates1,None
00454_MH04DW9020.jpg,MH04DW9020,plates1,None
00455_MH04DW9020.jpg,MH04DW9020,plates1,None
00456_MH04DW9020.jpg,MH04DW9020,plates1,None
00457_MH04DW9020.jpg,MH04DW9020,plates1,None
00458_MH04DW9020.jpg,MH04DW9020,plates1,None
00459_MH04DW9020.jpg,MH04DW9020,plates1,None
00460_MH01CT9150.jpg,MH01CT9150,plates1,None
00461_MH01CT9150.jpg,MH01CT9150,plates1,None
00462_MH01CT9150.jpg,MH01CT9150,plates1,None
00463_MH01CT9150.jpg,MH01CT9150,plates1,None
00464_MH01CT9150.jpg,MH01CT9150,plates1,None
00465_MH01CT9150.jpg,MH01CT9150,plates1,None
00466_MH01CT9150.jpg,MH01CT9150,plates1,None
00467_MH01CT9150.jpg,MH01CT9150,plates1,None
00468_MH01CT9150.jpg,MH01CT9150,plates1,None
00469_MH01AH8495.jpg,MH01AH8495,plates1,None
00470_MH01AH8495.jpg,MH01AH8495,plates1,None
00471_MH01AH8495.jpg,MH01AH8495,plates1,None
00472_MH01AH8495.jpg,MH01AH8495,plates1,None
00473_MH01AH8495.jpg,MH01AH8495,plates1,None
00474_MH01AH8495.jpg,MH01AH8495,plates1,None
00475_MH01AH8495.jpg,MH01AH8495,plates1,None
00476_MH02AK5481.jpg,MH02AK5481,plates1,None
00477_MH02AK5481.jpg,MH02AK5481,plates1,None
00478_MH01BU1852.jpg,MH01BU1852,plates1,None
00479_MH01BU1852.jpg,MH01BU1852,plates1,None
00480_MH01BU1852.jpg,MH01BU1852,plates1,None
00481_MH01BU1852.jpg,MH01BU1852,plates1,None
00482_MH01BU1852.jpg,MH01BU1852,plates1,None
00483_MH01BU1852.jpg,MH01BU1852,plates1,None
00484_MH01AV7461.jpg,MH01AV7461,plates1,None
00485_MH01AV7461.jpg,MH01AV7461,plates1,None
00486_MH01AV7461.jpg,MH01AV7461,plates1,None
00487_MH01AV7461.jpg,MH01AV7461,plates1,None
00488_MH01AV7461.jpg,MH01AV7461,plates1,None
00489_MH01AV7461.jpg,MH01AV7461,plates1,None
00490_MH01AV7461.jpg,MH01AV7461,plates1,None
00491_MH01AV7461.jpg,MH01AV7461,plates1,None
00492_MH01AV7461.jpg,MH01AV7461,plates1,None
00493_MH01AV7461.jpg,MH01AV7461,plates1,None
00494_MH01AV7461.jpg,MH01AV7461,plates1,None
00495_MH01AV7461.jpg,MH01AV7461,plates1,None
00496_MH02JA9655.jpg,MH02JA9655,plates1,None
00497_MH01JA8939.jpg,MH01JA8939,plates1,None
00498_MH01JA8939.jpg,MH01JA8939,plates1,None
00499_MH01JA8939.jpg,MH01JA8939,plates1,None
00500_MH01AX1113.jpg,MH01AX1113,plates1,None
00501_MH01AX1113.jpg,MH01AX1113,plates1,None
00502_MH01AL9693.jpg,MH01AL9693,plates1,None
00503_MH01AL9693.jpg,MH01AL9693,plates1,None
00504_MH04GM7982.jpg,MH04GM7982,plates1,None
00505_MH01AL9693.jpg,MH01AL9693,plates1,None
00506_MH01AL9693.jpg,MH01AL9693,plates1,None
00507_MH01AL9693.jpg,MH01AL9693,plates1,None
00508_MH04GM7982.jpg,MH04GM7982,plates1,None
00509_MH02DJ8952.jpg,MH02DJ8952,plates1,None
00510_MH02DJ8952.jpg,MH02DJ8952,plates1,None
00511_MH02DJ8952.jpg,MH02DJ8952,plates1,None
00512_MH02DJ8952.jpg,MH02DJ8952,plates1,None
00513_MH02DW8021.jpg,MH02DW8021,plates1,None
00514_MH02DW8021.jpg,MH02DW8021,plates1,None
00515_MH02DW8021.jpg,MH02DW8021,plates1,None
00516_MH02DW8021.jpg,MH02DW8021,plates1,None
00517_MH02DW8021.jpg,MH02DW8021,plates1,None
00518_MH02DW8021.jpg,MH02DW8021,plates1,None
00519_MH02DW8021.jpg,MH02DW8021,plates1,None
00520_MH02DW8021.jpg,MH02DW8021,plates1,None
00521_MH02DW8021.jpg,MH02DW8021,plates1,None
00522_MH02DW8021.jpg,MH02DW8021,plates1,None
00523_MH02DW8021.jpg,MH02DW8021,plates1,None
00524_MH02DN6980.jpg,MH02DN6980,plates1,None
00525_MH01BY7658.jpg,MH01BY7658,plates1,None
00526_MH01BY7658.jpg,MH01BY7658,plates1,None
00527_MH03CS6266.jpg,MH03CS6266,plates1,None
00528_MH03CS6266.jpg,MH03CS6266,plates1,None
00529_MH03CS6266.jpg,MH03CS6266,plates1,None
00530_MH03CS6266.jpg,MH03CS6266,plates1,None
00531_MH03CS6266.jpg,MH03CS6266,plates1,None
00532_MH03CS6266.jpg,MH03CS6266,plates1,None
00533_MH03CS6266.jpg,MH03CS6266,plates1,None
00534_MH03CS6266.jpg,MH03CS6266,plates1,None
00535_MH03CS6266.jpg,MH03CS6266,plates1,None
00536_MH01CV6333.jpg,MH01CV6333,plates1,None
00537_MH01CV6333.jpg,MH01CV6333,plates1,None
00538_MH01CV6333.jpg,MH01CV6333,plates1,None
00539_MH03CS6266.jpg,MH03CS6266,plates1,None
00540_MH03CS6266.jpg,MH03CS6266,plates1,None
00541_MH03CS6266.jpg,MH03CS6266,plates1,None
00542_MH03CS6266.jpg,MH03CS6266,plates1,None
00543_MH03CS6266.jpg,MH03CS6266,plates1,None
00544_MH03CS6266.jpg,MH03CS6266,plates1,None
00545_MH03CS6266.jpg,MH03CS6266,plates1,None
00546_MH03CS6266.jpg,MH03CS6266,plates1,None
00547_MH01CY6333.jpg,MH01CY6333,plates1,None
00548_MH03CS6266.jpg,MH03CS6266,plates1,None
00549_MH03CS6266.jpg,MH03CS6266,plates1,None
00550_MH03CS6266.jpg,MH03CS6266,plates1,None
00551_MH03CS6266.jpg,MH03CS6266,plates1,None
00552_MH03CS6266.jpg,MH03CS6266,plates1,None
00553_MH03CS6266.jpg,MH03CS6266,plates1,None
00554_MH03CS6266.jpg,MH03CS6266,plates1,None
00555_MH03CS6266.jpg,MH03CS6266,plates1,None
00556_MH03CS6266.jpg,MH03CS6266,plates1,None
00557_MH03CS6266.jpg,MH03CS6266,plates1,None
00558_MH02DS9365.jpg,MH02DS9365,plates1,None
00559_MH02DS9365.jpg,MH02DS9365,plates1,None
00560_MH02DS9365.jpg,MH02DS9365,plates1,None
00561_MH02DS9365.jpg,MH02DS9365,plates1,None
00562_MH02DS9365.jpg,MH02DS9365,plates1,None
00563_MH02DS9365.jpg,MH02DS9365,plates1,None
00564_MH02DS9365.jpg,MH02DS9365,plates1,None
00565_MH02DS9365.jpg,MH02DS9365,plates1,None
00566_MH02DS9365.jpg,MH02DS9365,plates1,None
00567_MH02DS9365.jpg,MH02DS9365,plates1,None
00568_MH02DS9365.jpg,MH02DS9365,plates1,None
00569_MH02DS9365.jpg,MH02DS9365,plates1,None
00570_MH02DS9365.jpg,MH02DS9365,plates1,None
00571_MH02DS9365.jpg,MH02DS9365,plates1,None
00572_MH02DS9365.jpg,MH02DS9365,plates1,None
00573_MH02DS9365.jpg,MH02DS9365,plates1,None
00574_PB11AG0774.jpg,PB11AG0774,plates1,None
00575_PB11AG0774.jpg,PB11AG0774,plates1,None
00576_PB11AG0774.jpg,PB11AG0774,plates1,None
00577_MH06AZ3571.jpg,MH06AZ3571,plates1,None
00578_PB11AG0774.jpg,PB11AG0774,plates1,None
00579_MH01BD1897.jpg,MH01BD1897,plates1,None
00580_MHD1CV9311.jpg,MHD1CV9311,plates1,None
00581_MHD1CV9311.jpg,MHD1CV9311,plates1,None
00582_PB11AG0774.jpg,PB11AG0774,plates1,None
00583_MH02DS9365.jpg,MH02DS9365,plates1,None
00584_MH02DS9365.jpg,MH02DS9365,plates1,None
00585_MH02DS9365.jpg,MH02DS9365,plates1,None
00586_MH02DS9365.jpg,MH02DS9365,plates1,None
00587_MH02DS9365.jpg,MH02DS9365,plates1,None
00588_MH02DS9365.jpg,MH02DS9365,plates1,None
00589_MH02DS9365.jpg,MH02DS9365,plates1,None
00590_MH02DS9365.jpg,MH02DS9365,plates1,None
00591_MH02DS9365.jpg,MH02DS9365,plates1,None
00592_MH02DS9365.jpg,MH02DS9365,plates1,None
00593_MH02DS9365.jpg,MH02DS9365,plates1,None
00594_MH02DS9365.jpg,MH02DS9365,plates1,None
00595_MH02DS9365.jpg,MH02DS9365,plates1,None
00596_MH02DS9365.jpg,MH02DS9365,plates1,None
00597_MH02DS9365.jpg,MH02DS9365,plates1,None
00598_MH02DS9365.jpg,MH02DS9365,plates1,None
00599_MH02DS9365.jpg,MH02DS9365,plates1,None
00600_MH02DS9365.jpg,MH02DS9365,plates1,None
00601_MH02CD3654.jpg,MH02CD3654,plates1,None
00602_MH02CD3654.jpg,MH02CD3654,plates1,None
00603_MH02EE6842.jpg,MH02EE6842,plates1,None
00604_MH02EE6842.jpg,MH02EE6842,plates1,None
00605_MH02EE6842.jpg,MH02EE6842,plates1,None
00606_MH03AM3025.jpg,MH03AM3025,plates1,None
00607_MH03AM3025.jpg,MH03AM3025,plates1,None
00608_MH03AM3025.jpg,MH03AM3025,plates1,None
00609_MH12DG7144.jpg,MH12DG7144,plates1,None
00610_MH02CR4364.jpg,MH02CR4364,plates1,None
00611_MH02CR4364.jpg,MH02CR4364,plates1,None
00612_MH02CR4364.jpg,MH02CR4364,plates1,None
00613_MH01BG7161.jpg,MH01BG7161,plates1,None
00614_MH01BG7161.jpg,MH01BG7161,plates1,None
00615_MH01BG7161.jpg,MH01BG7161,plates1,None
00616_MH01BG7161.jpg,MH01BG7161,plates1,None
00617_MH01BG7161.jpg,MH01BG7161,plates1,None
00618_MH01BG7161.jpg,MH01BG7161,plates1,None
00619_MH4705851.jpg,MH4705851,plates1,None
00620_MH4705851.jpg,MH4705851,plates1,None
00621_MH4705851.jpg,MH4705851,plates1,None
00622_MH4705851.jpg,MH4705851,plates1,None
00623_MH4705851.jpg,MH4705851,plates1,None
00624_MH4705851.jpg,MH4705851,plates1,None
00625_MH4705851.jpg,MH4705851,plates1,None
00626_MH4705851.jpg,MH4705851,plates1,None
00627_MH4705851.jpg,MH4705851,plates1,None
00628_MH4705851.jpg,MH4705851,plates1,None
00629_MH4705851.jpg,MH4705851,plates1,None
00630_MH4705851.jpg,MH4705851,plates1,None
00631_MH4705851.jpg,MH4705851,plates1,None
00632_MH4705851.jpg,MH4705851,plates1,None
00633_MH47AZ8323.jpg,MH47AZ8323,plates1,None
00634_MH02EH1077.jpg,MH02EH1077,plates1,None
00635_MH02CD3654.jpg,MH02CD3654,plates1,None
00636_MH02CR8276.jpg,MH02CR8276,plates1,None
00637_MH02CR8276.jpg,MH02CR8276,plates1,None
00638_MH01BT9066.jpg,MH01BT9066,plates1,None
00639_MH01BT9066.jpg,MH01BT9066,plates1,None
00640_MH01BT9066.jpg,MH01BT9066,plates1,None
00641_MH01BT9066.jpg,MH01BT9066,plates1,None
00642_MH4705851.jpg,MH4705851,plates1,None
00643_MH02FD6534.jpg,MH02FD6534,plates1,None
00644_MH4705851.jpg,MH4705851,plates1,None
00645_MH4705851.jpg,MH4705851,plates1,None
00646_MH47AU1306.jpg,MH47AU1306,plates1,None
00647_MH47AU1306.jpg,MH47AU1306,plates1,None
00648_MH47AU1306.jpg,MH47AU1306,plates1,None
00649_MH010PO323.jpg,MH010PO323,plates1,None
00650_MH01CR7388.jpg,MH01CR7388,plates1,None
00651_MH01CR7388.jpg,MH01CR7388,plates1,None
00652_MH01CR7388.jpg,MH01CR7388,plates1,None
00653_MH01CR7388.jpg,MH01CR7388,plates1,None
00654_MH01CR7388.jpg,MH01CR7388,plates1,None
00655_MH12SF3212.jpg,MH12SF3212,plates1,None
00656_MH12SF3212.jpg,MH12SF3212,plates1,None
00657_MH12SF3212.jpg,MH12SF3212,plates1,None
00658_MH02DS4676.jpg,MH02DS4676,plates1,None
00659_MH01BT0050.jpg,MH01BT0050,plates1,None
00660_MH01BT0050.jpg,MH01BT0050,plates1,None
00661_MH01BT0050.jpg,MH01BT0050,plates1,None
00662_MH01BT0050.jpg,MH01BT0050,plates1,None
00663_MH01BT0050.jpg,MH01BT0050,plates1,None
00664_MH038C6247.jpg,MH038C6247,plates1,None
00665_MH02CD7733.jpg,MH02CD7733,plates1,None
00666_MH02CD7733.jpg,MH02CD7733,plates1,None
00667_MH04CT3566.jpg,MH04CT3566,plates1,None
00668_MH04CT3566.jpg,MH04CT3566,plates1,None
00669_MH04CT3566.jpg,MH04CT3566,plates1,None
00670_MH04CT3566.jpg,MH04CT3566,plates1,None
00671_MH01DT1917.jpg,MH01DT1917,plates1,None
00672_MH01DT1917.jpg,MH01DT1917,plates1,None
00673_MH01DT1917.jpg,MH01DT1917,plates1,None
00674_MH01DT1917.jpg,MH01DT1917,plates1,None
00675_MH01DT1917.jpg,MH01DT1917,plates1,None
00676_MH01DT1917.jpg,MH01DT1917,plates1,None
00677_MH02FN2783.jpg,MH02FN2783,plates1,None
00678_MH02FN2783.jpg,MH02FN2783,plates1,None
00679_MH02FN2783.jpg,MH02FN2783,plates1,None
00680_MH02FN2783.jpg,MH02FN2783,plates1,None
00681_MH48AW0091.jpg,MH48AW0091,plates1,None
00682_MH02FN2783.jpg,MH02FN2783,plates1,None
00683_MH02FN2783.jpg,MH02FN2783,plates1,None
00684_MH02FN2783.jpg,MH02FN2783,plates1,None
00685_MH02FN2783.jpg,MH02FN2783,plates1,None
00686_MH02FN2783.jpg,MH02FN2783,plates1,None
00687_MH01DT1917.jpg,MH01DT1917,plates1,None
00688_MH01DT1917.jpg,MH01DT1917,plates1,None
00689_MH01DT1917.jpg,MH01DT1917,plates1,None
00690_MH01DT1917.jpg,MH01DT1917,plates1,None
00691_MH01CP2655.jpg,MH01CP2655,plates1,None
00692_KA19TR02.jpg,KA19TR02,plates2,None
00693_TN21AT0492.jpg,TN21AT0492,plates2,None
00694_RJ27TC0530.jpg,RJ27TC0530,plates2,None
00695_MH20CS9817.jpg,MH20CS9817,plates2,None
00696_KL05AK3300.jpg,KL05AK3300,plates2,None
00697_MP09CP9052.jpg,MP09CP9052,plates2,None
00698_TN43J0158.jpg,TN43J0158,plates2,None
00699_KA18P2987.jpg,KA18P2987,plates2,None
00700_MH12JC2813.jpg,MH12JC2813,plates2,None
00701_MH14DT8831.jpg,MH14DT8831,plates2,None
00702_UP50AS4535.jpg,UP50AS4535,plates2,None
00703_RJ27TC0530.jpg,RJ27TC0530,plates2,None
00704_MH46X9996.jpg,MH46X9996,plates2,None
00705_TN21AT0480.jpg,TN21AT0480,plates2,None
00706_HR26CK8571.jpg,HR26CK8571,plates2,None
00707_TN21AT0479.jpg,TN21AT0479,plates2,None
00708_MH20BY3665.jpg,MH20BY3665,plates2,None
00709_TN52U1580.jpg,TN52U1580,plates2,None
00710_MH20CS1941.jpg,MH20CS1941,plates2,None
00711_TN59AQ1515.jpg,TN59AQ1515,plates2,None
00712_TN66U8215.jpg,TN66U8215,plates2,None
00713_HR26BR9044.jpg,HR26BR9044,plates2,None
00714_HR26DA5443.jpg,HR26DA5443,plates2,None
00715_HR26BP3543.jpg,HR26BP3543,plates2,None
00716_DL10CG4693.jpg,DL10CG4693,plates2,None
00717_KA01MA6989.jpg,KA01MA6989,plates2,None
00718_MH06AW8929.jpg,MH06AW8929,plates2,None
00719_HP896786.jpg,HP896786,plates2,None
00720_HP896786.jpg,HP896786,plates2,None
00721_KA04MN3622.jpg,KA04MN3622,plates2,None
00722_RJ27TC0530.jpg,RJ27TC0530,plates2,None
00723_KA42TC131011.jpg,KA42TC131011,plates2,None
00724_KL38F5008.jpg,KL38F5008,plates2,None
00725_KL10AV6342.jpg,KL10AV6342,plates2,None
00726_TN07BV5200.jpg,TN07BV5200,plates2,None
00727_DL758Y1790.jpg,DL758Y1790,plates2,None
00728_DL13S0155.jpg,DL13S0155,plates2,None
00729_KL09AL9405.jpg,KL09AL9405,plates2,None
00730_MH20BY4465.jpg,MH20BY4465,plates2,None
00731_TN37CR4019.jpg,TN37CR4019,plates2,None
00732_KA03AB3380.jpg,KA03AB3380,plates2,None
00733_TN19H3322.jpg,TN19H3322,plates2,None
00734_TERRANO.jpg,TERRANO,plates2,None
00735_TN45BA1065.jpg,TN45BA1065,plates2,None
00736_MH21V9926.jpg,MH21V9926,plates2,None
00737_KL20K7561.jpg,KL20K7561,plates2,None
00738_HR26CF5868.jpg,HR26CF5868,plates2,None
00739_TN21TC611.jpg,TN21TC611,plates2,None
00740_DL6CM6683.jpg,DL6CM6683,plates2,None
00741_RJ27TC0530.jpg,RJ27TC0530,plates2,None
00742_DL14CTC0153.jpg,DL14CTC0153,plates2,None
00743_MH14EU3498.jpg,MH14EU3498,plates2,None
00744_RJ27TC0530.jpg,RJ27TC0530,plates2,None
00745_KA05HS4495.jpg,KA05HS4495,plates2,None
00746_RJ27TC0530.jpg,RJ27TC0530,plates2,None
00747_GJ07BR1336.jpg,GJ07BR1336,plates2,None
00748_MH06AW8929.jpg,MH06AW8929,plates2,None
00749_DL12CG6648.jpg,DL12CG6648,plates2,None
00750_DL6CAB123X.jpg,DL6CAB123X,plates2,None
00751_W0BNP300.jpg,W0BNP300,plates2,None
00752_KL06H5834.jpg,KL06H5834,plates2,None
00753_MH20EU9991.jpg,MH20EU9991,plates2,None
00754_TN42R2697.jpg,TN42R2697,plates2,None
00755_HR26DA0471.jpg,HR26DA0471,plates2,None
00756_HR26TC7303.jpg,HR26TC7303,plates2,None
00757_HR51AY9099.jpg,HR51AY9099,plates2,None
00758_GJW115A1138.jpg,GJW115A1138,plates2,None
00759_DL3CAY9324.jpg,DL3CAY9324,plates2,None
00760_GJ05JH2501.jpg,GJ05JH2501,plates2,None
00761_WB06F9209.jpg,WB06F9209,plates2,None
00762_WB06F9209.jpg,WB06F9209,plates2,None
00763_HR26U7501.jpg,HR26U7501,plates2,None
00764_WB07D5106.jpg,WB07D5106,plates2,None
00765_MH14TCD204.jpg,MH14TCD204,plates2,None
00766_HR26CT4063.jpg,HR26CT4063,plates2,None
00767_MH03BS7778.jpg,MH03BS7778,plates2,None
00768_KL01AX8000.jpg,KL01AX8000,plates2,None
00769_TN19TC91.jpg,TN19TC91,plates2,None
00770_HR26CH3604.jpg,HR26CH3604,plates2,None
00771_MH14TC206AN.jpg,MH14TC206AN,plates2,None
00772_MH12DE1433.jpg,MH12DE1433,plates2,None
00773_MH02CB4545.jpg,MH02CB4545,plates2,None
00774_TN21AT0480.jpg,TN21AT0480,plates2,None
00775_MH14GN9239.jpg,MH14GN9239,plates2,None
00776_MH20TC640B.jpg,MH20TC640B,plates2,None
00777_HR26DA0471.jpg,HR26DA0471,plates2,None
00778_HR11F7575.jpg,HR11F7575,plates2,None
00779_MH14EP4660.jpg,MH14EP4660,plates2,None
00780_KA031351.jpg,KA031351,plates2,None
00781_MH15TC554.jpg,MH15TC554,plates2,None
00782_KL16J3636.jpg,KL16J3636,plates2,None
00783_PB08CX2959.jpg,PB08CX2959,plates2,None
00784_KL10AV6342.jpg,KL10AV6342,plates2,None
00785_UP16CT2233.jpg,UP16CT2233,plates2,None
00786_KA03MX5058.jpg,KA03MX5058,plates2,None
00787_TN21AU7234.jpg,TN21AU7234,plates2,None
00788_MH13BN4348.jpg,MH13BN4348,plates2,None
00789_DL3CAY2231.jpg,DL3CAY2231,plates2,None
00790_MP09CC1667.jpg,MP09CC1667,plates2,None
00791_MH03CB6467.jpg,MH03CB6467,plates2,None
00792_MH14EH7958.jpg,MH14EH7958,plates2,None
00793_MH20CS1941.jpg,MH20CS1941,plates2,None
00794_HR26DK0830.jpg,HR26DK0830,plates2,None
00795_RJ27TC0530.jpg,RJ27TC0530,plates2,None
00796_MH20EE7597.jpg,MH20EE7597,plates2,None
00797_KL01CC50.jpg,KL01CC50,plates2,None
00798_HR26TC7099.jpg,HR26TC7099,plates2,None
00799_TN59BE0939.jpg,TN59BE0939,plates2,None
00800_RJ27TC0530.jpg,RJ27TC0530,plates2,None
00801_RJ27TC0530.jpg,RJ27TC0530,plates2,None
00802_KL53E964.jpg,KL53E964,plates2,None
00803_KL54H369.jpg,KL54H369,plates2,None
00804_MH20EE7598.jpg,MH20EE7598,plates2,None
00805_MH14EY5972.jpg,MH14EY5972,plates2,None
00806_GJ01MW7581.jpg,GJ01MW7581,plates2,None
00807_RJ27TC0530.jpg,RJ27TC0530,plates2,None
00808_KL01KLKL01.jpg,KL01KLKL01,plates2,None
00809_UK07BA7252.jpg,UK07BA7252,plates2,None
00810_RJ27TA1143.jpg,RJ27TA1143,plates2,None
00811_KL01AU585.jpg,KL01AU585,plates2,None
00812_TN09CH7770.jpg,TN09CH7770,plates2,None
00813_TN42R2697.jpg,TN42R2697,plates2,None
00814_MH01AR5274.jpg,MH01AR5274,plates2,None
00815_MH02BK9793.jpg,MH02BK9793,plates2,None
00816_CG10S0650.jpg,CG10S0650,plates2,None
00817_DL1N4268.jpg,DL1N4268,plates2,None
00818_MH14TCF459.jpg,MH14TCF459,plates2,None
00819_RJ02CC0784.jpg,RJ02CC0784,plates2,None
00820_MH01AR5274.jpg,MH01AR5274,plates2,None
00821_MH15TC554.jpg,MH15TC554,plates2,None
00822_KA29Z999.jpg,KA29Z999,plates2,None
00823_DL12C3536.jpg,DL12C3536,plates2,None
00824_TN42R2697.jpg,TN42R2697,plates2,None
00825_HR99BJ6662.jpg,HR99BJ6662,plates2,None
00826_MH01BU5207.jpg,MH01BU5207,plates2,None
00827_MH03BS7778.jpg,MH03BS7778,plates2,None
00828_TN21AT0492.jpg,TN21AT0492,plates2,None
00829_TS09EB1458.jpg,TS09EB1458,plates2,None
00830_MH20TC830C.jpg,MH20TC830C,plates2,None
00831_MH14TCE4.jpg,MH14TCE4,plates2,None
00832_KL60N5344.jpg,KL60N5344,plates2,None
00833_DL7CN5617.jpg,DL7CN5617,plates2,None
00834_AS23M1264.jpg,AS23M1264,plates2,None
00835_WB74X7605.jpg,WB74X7605,plates2,None
00836_MH14TCF300.jpg,MH14TCF300,plates2,None
00837_MH20CS1938.jpg,MH20CS1938,plates2,None
00838_TN19TC94.jpg,TN19TC94,plates2,None
00839_HR696969.jpg,HR696969,plates2,None
00840_AP02BP2454.jpg,AP02BP2454,plates2,None
00841_DL14CTC0153.jpg,DL14CTC0153,plates2,None
00842_KL02AF6363.jpg,KL02AF6363,plates2,None
00843_DL6CAB123X.jpg,DL6CAB123X,plates2,None
00844_KL55R2473.jpg,KL55R2473,plates2,None
00845_PB03AGT8979.jpg,PB03AGT8979,plates2,None
00846_TN74AL5074.jpg,TN74AL5074,plates2,None
00847_TN02TC0143.jpg,TN02TC0143,plates2,None
00848_HR26DG6167.jpg,HR26DG6167,plates2,None
00849_KL65H4383.jpg,KL65H4383,plates2,None
00850_MH02BM5048.jpg,MH02BM5048,plates2,None
00851_HR26BP3543.jpg,HR26BP3543,plates2,None
00852_TN74AH1413.jpg,TN74AH1413,plates2,None
00853_KL10AV6342.jpg,KL10AV6342,plates2,None
00854_TN07BU5427.jpg,TN07BU5427,plates2,None
00855_HR26CT6702.jpg,HR26CT6702,plates2,None
00856_MH20TC189B.jpg,MH20TC189B,plates2,None
00857_MH20EE7598.jpg,MH20EE7598,plates2,None
00858_TN38BY4191.jpg,TN38BY4191,plates2,None
00859_GJ05JD9759.jpg,GJ05JD9759,plates2,None
00860_UP16TC1366.jpg,UP16TC1366,plates2,None
00861_MH14EH5819.jpg,MH14EH5819,plates2,None
00862_DL6CM6683.jpg,DL6CM6683,plates2,None
00863_HR99EX6037.jpg,HR99EX6037,plates2,None
00864_DEVANAGRI.jpg,DEVANAGRI,plates2,None
00865_HR26BA8008.jpg,HR26BA8008,plates2,None
00866_MH12DE1433.jpg,MH12DE1433,plates2,None
00867_TN07BU5427.jpg,TN07BU5427,plates2,None
00868_MH03BS7778.jpg,MH03BS7778,plates2,None
00869_TN28BA9999.jpg,TN28BA9999,plates2,None
00870_TN74F3339.jpg,TN74F3339,plates2,None
00871_RJ27TC0530.jpg,RJ27TC0530,plates2,None
00872_RJ27TC0530.jpg,RJ27TC0530,plates2,None
00873_MH20DJ0419.jpg,MH20DJ0419,plates2,None
00874_TN59AQ1515.jpg,TN59AQ1515,plates2,None
00875_MH20CS4946.jpg,MH20CS4946,plates2,None
00876_KA03NA8385.jpg,KA03NA8385,plates2,None
00877_HR26CR3302.jpg,HR26CR3302,plates2,None
00878_MH02AJ344.jpg,MH02AJ344,plates2,None
00879_KA21M5519.jpg,KA21M5519,plates2,None
00880_MH20BY3665.jpg,MH20BY3665,plates2,None
00881_KL43B2344.jpg,KL43B2344,plates2,None
00882_KL454455.jpg,KL454455,plates2,None
00883_KL10AW2814.jpg,KL10AW2814,plates2,None
00884_KL01KL0KL01.jpg,KL01KL0KL01,plates2,None
00885_HR26CP3135.jpg,HR26CP3135,plates2,None
00886_CRETA.jpg,CRETA,plates2,None
00887_DUSTER.jpg,DUSTER,plates2,None
00888_RJ27TC0530.jpg,RJ27TC0530,plates2,None
00889_KA18P2987.jpg,KA18P2987,plates2,None
00890_MH20EE7597.jpg,MH20EE7597,plates2,None
00891_RJ27TC0530.jpg,RJ27TC0530,plates2,None
00892_MH01AV8866.jpg,MH01AV8866,plates2,None
00893_RJ27TC0530.jpg,RJ27TC0530,plates2,None
00894_RJ27TC0530.jpg,RJ27TC0530,plates2,None
00895_HR26CM6005.jpg,HR26CM6005,plates2,None
00896_TS08ER1643.jpg,TS08ER1643,plates2,None
00897_AP28N3107.jpg,AP28N3107,plates2,None
00898_KA05MQ92.jpg,KA05MQ92,plates2,None
00899_KA5122727.jpg,KA5122727,plates2,None
00900_MH02CT2727.jpg,MH02CT2727,plates2,None
00901_TN99F2378.jpg,TN99F2378,plates2,None
00902_KL13AA6340.jpg,KL13AA6340,plates2,None
00903_KL57A111.jpg,KL57A111,plates2,None
00904_MH14TCF460.jpg,MH14TCF460,plates2,None
00905_MH01AE8017.jpg,MH01AE8017,plates2,None
00906_HR99HA4575.jpg,HR99HA4575,plates2,None
00907_HR26CT6702.jpg,HR26CT6702,plates2,None
00908_MH20BN3525.jpg,MH20BN3525,plates2,None
00909_KL60N5344.jpg,KL60N5344,plates2,None
00910_GJ7BB766.jpg,GJ7BB766,plates2,None
00911_MH14TC947.jpg,MH14TC947,plates2,None
00912_MH14DT8831.jpg,MH14DT8831,plates2,None
00913_AP02BP2454.jpg,AP02BP2454,plates2,None
00914_CH01AN0001.jpg,CH01AN0001,plates2,None
00915_DL10CG4693.jpg,DL10CG4693,plates2,None
00916_DL12C3536.jpg,DL12C3536,plates2,None
00917_DL3CAY2231.jpg,DL3CAY2231,plates2,None
00918_DL3CAY9324.jpg,DL3CAY9324,plates2,None
00919_DL6CM6683.jpg,DL6CM6683,plates2,None
00920_DL6CM6683.jpg,DL6CM6683,plates2,None
00921_GJ05JH2501.jpg,GJ05JH2501,plates2,None
00922_GJ05JH2501.jpg,GJ05JH2501,plates2,None
00923_GJW115A1138.jpg,GJW115A1138,plates2,None
00924_HR11F7575.jpg,HR11F7575,plates2,None
00925_HR26AZ5927.jpg,HR26AZ5927,plates2,None
00926_HR26BA8008.jpg,HR26BA8008,plates2,None
00927_HR26BP3543.jpg,HR26BP3543,plates2,None
00928_HR26BP3543.jpg,HR26BP3543,plates2,None
00929_HR26CB1900.jpg,HR26CB1900,plates2,None
00930_HR26CE1485.jpg,HR26CE1485,plates2,None
00931_HR26CH3604.jpg,HR26CH3604,plates2,None
00932_HR26CK8571.jpg,HR26CK8571,plates2,None
00933_HR26CM6005.jpg,HR26CM6005,plates2,None
00934_HR26CR3302.jpg,HR26CR3302,plates2,None
00935_HR26CT4063.jpg,HR26CT4063,plates2,None
00936_HR26CT6702.jpg,HR26CT6702,plates2,None
00937_HR26CT6702.jpg,HR26CT6702,plates2,None
00938_HR26DA0471.jpg,HR26DA0471,plates2,None
00939_HR26DA2330.jpg,HR26DA2330,plates2,None
00940_HR26DG6167.jpg,HR26DG6167,plates2,None
00941_HR26U7501.jpg,HR26U7501,plates2,None
00942_HR51AY9099.jpg,HR51AY9099,plates2,None
00943_HR696969.jpg,HR696969,plates2,None
00944_HR99BJ6662.jpg,HR99BJ6662,plates2,None
00945_HR99EX6037.jpg,HR99EX6037,plates2,None
00946_HR26DK0830.jpg,HR26DK0830,plates2,None
00947_KL01CA2555.jpg,KL01CA2555,plates2,None
00948_KA031351.jpg,KA031351,plates2,None
00949_KA03MG2784.jpg,KA03MG2784,plates2,None
00950_KA03NA8385.jpg,KA03NA8385,plates2,None
00951_KA04MN3622.jpg,KA04MN3622,plates2,None
00952_KA18P2987.jpg,KA18P2987,plates2,None
00953_KA29Z999.jpg,KA29Z999,plates2,None
00954_KL01AX8000.jpg,KL01AX8000,plates2,None
00955_KL01CA2555.jpg,KL01CA2555,plates2,None
00956_KL01CC50.jpg,KL01CC50,plates2,None
00957_KL01KL0KL01.jpg,KL01KL0KL01,plates2,None
00958_KL09AL9405.jpg,KL09AL9405,plates2,None
00959_KL05AK3300.jpg,KL05AK3300,plates2,None
00960_KL07CB8599.jpg,KL07CB8599,plates2,None
00961_KL10AV6342.jpg,KL10AV6342,plates2,None
00962_KL10AV6342.jpg,KL10AV6342,plates2,None
00963_KL10AV6633.jpg,KL10AV6633,plates2,None
00964_KL10AW2111.jpg,KL10AW2111,plates2,None
00965_KL10AW2814.jpg,KL10AW2814,plates2,None
00966_KL10AW2814.jpg,KL10AW2814,plates2,None
00967_KL12G7531.jpg,KL12G7531,plates2,None
00968_KL16J3636.jpg,KL16J3636,plates2,None
00969_KL20K7561.jpg,KL20K7561,plates2,None
00970_KL43B2344.jpg,KL43B2344,plates2,None
00971_KL454455.jpg,KL454455,plates2,None
00972_KL53E964.jpg,KL53E964,plates2,None
00973_KL54H369.jpg,KL54H369,plates2,None
00974_KL55R2473.jpg,KL55R2473,plates2,None
00975_KL60N5344.jpg,KL60N5344,plates2,None
00976_KL60N5344.jpg,KL60N5344,plates2,None
00977_KL65H4383.jpg,KL65H4383,plates2,None
00978_MH01AE8017.jpg,MH01AE8017,plates2,None
00979_MH01AR5274.jpg,MH01AR5274,plates2,None
00980_MH01AV8866.jpg,MH01AV8866,plates2,None
00981_MH01BU5207.jpg,MH01BU5207,plates2,None
00982_MH02BM5048.jpg,MH02BM5048,plates2,None
00983_MH02CB4545.jpg,MH02CB4545,plates2,None
00984_MH03BS7778.jpg,MH03BS7778,plates2,None
00985_MH03BS7778.jpg,MH03BS7778,plates2,None
00986_MH03BS7778.jpg,MH03BS7778,plates2,None
00987_MH03CB6467.jpg,MH03CB6467,plates2,None
00988_MH04DW8351.jpg,MH04DW8351,plates2,None
00989_MH06AW8929.jpg,MH06AW8929,plates2,None
00990_MH06AW8929.jpg,MH06AW8929,plates2,None
00991_MH12DE1433.jpg,MH12DE1433,plates2,None
00992_MH12JC2813.jpg,MH12JC2813,plates2,None
00993_MH14DT8831.jpg,MH14DT8831,plates2,None
00994_MH14DX9937.jpg,MH14DX9937,plates2,None
00995_MH14EH5819.jpg,MH14EH5819,plates2,None
00996_MH14EH7958.jpg,MH14EH7958,plates2,None
00997_MH14EH7958.jpg,MH14EH7958,plates2,None
00998_MH14EP4660.jpg,MH14EP4660,plates2,None
00999_MH14EU3498.jpg,MH14EU3498,plates2,None
01000_MH20BN3525.jpg,MH20BN3525,plates2,None
01001_MH20BN3525.jpg,MH20BN3525,plates2,None
01002_MH20BQ20.jpg,MH20BQ20,plates2,None
01003_MH20BY3665.jpg,MH20BY3665,plates2,None
01004_MH20BY3665.jpg,MH20BY3665,plates2,None
01005_MH20BY4465.jpg,MH20BY4465,plates2,None
01006_MH20CS1938.jpg,MH20CS1938,plates2,None
01007_MH20CS1941.jpg,MH20CS1941,plates2,None
01008_MH20CS1941.jpg,MH20CS1941,plates2,None
01009_MH20CS4946.jpg,MH20CS4946,plates2,None
01010_MH20CS9817.jpg,MH20CS9817,plates2,None
01011_MH20DJ0419.jpg,MH20DJ0419,plates2,None
01012_MH20DV2362.jpg,MH20DV2362,plates2,None
01013_MH20EE045.jpg,MH20EE045,plates2,None
01014_MH20EE0943.jpg,MH20EE0943,plates2,None
01015_MH20EE7597.jpg,MH20EE7597,plates2,None
01016_MH20EE7598.jpg,MH20EE7598,plates2,None
01017_MH20EE7598.jpg,MH20EE7598,plates2,None
01018_MH21V9926.jpg,MH21V9926,plates2,None
01019_MH46X9996.jpg,MH46X9996,plates2,None
01020_PB08CX2959.jpg,PB08CX2959,plates2,None
01021_RJ02CC0784.jpg,RJ02CC0784,plates2,None
01022_TN07BU5427.jpg,TN07BU5427,plates2,None
01023_TN07BU5427.jpg,TN07BU5427,plates2,None
01024_TN07BV5200.jpg,TN07BV5200,plates2,None
01025_TN09CH7770.jpg,TN09CH7770,plates2,None
01026_TN21AT0479.jpg,TN21AT0479,plates2,None
01027_TN21AT0480.jpg,TN21AT0480,plates2,None
01028_TN21AT0480.jpg,TN21AT0480,plates2,None
01029_TN21AT0492.jpg,TN21AT0492,plates2,None
01030_TN21AU1153.jpg,TN21AU1153,plates2,None
01031_TN21BZ0768.jpg,TN21BZ0768,plates2,None
01032_TN28BA9999.jpg,TN28BA9999,plates2,None
01033_TN37CR4019.jpg,TN37CR4019,plates2,None
01034_TN38BW1139.jpg,TN38BW1139,plates2,None
01035_TN38BY4191.jpg,TN38BY4191,plates2,None
01036_TN42R2697.jpg,TN42R2697,plates2,None
01037_TN45BA1065.jpg,TN45BA1065,plates2,None
01038_TN52U1580.jpg,TN52U1580,plates2,None
01039_TN58AM1.jpg,TN58AM1,plates2,None
01040_TN59BE0939.jpg,TN59BE0939,plates2,None
01041_TN66U8215.jpg,TN66U8215,plates2,None
01042_TN74AH1413.jpg,TN74AH1413,plates2,None
01043_TN74AL5074.jpg,TN74AL5074,plates2,None
01044_TN74F3339.jpg,TN74F3339,plates2,None
01045_TS08ER1643.jpg,TS08ER1643,plates2,None
01046_UP16CT2233.jpg,UP16CT2233,plates2,None
01047_UP32FH2653.jpg,UP32FH2653,plates2,None
01048_UP50AS4535.jpg,UP50AS4535,plates2,None
01049_WB74X7605.jpg,WB74X7605,plates2,None
01050_KA51AA3469.jpg,KA51AA3469,plates2,None
01051_KL07BF2007.jpg,KL07BF2007,plates2,None
01052_TN21TC31.jpg,TN21TC31,plates2,None
01053_MH14TCF460.jpg,MH14TCF460,plates2,None
01054_MH14EH7958.jpg,MH14EH7958,plates2,None
01055_KL12G7531.jpg,KL12G7531,plates2,None
01056_MH20EE045.jpg,MH20EE045,plates2,None
01057_MH20EE7601.jpg,MH20EE7601,plates2,None
01058_RJ27TC0530.jpg,RJ27TC0530,plates2,None
01059_KL01CA2555.jpg,KL01CA2555,plates2,None
01060_ASM1634.jpg,ASM1634,plates2,None
01061_HR26TC5656.jpg,HR26TC5656,plates2,None
01062_HR26BU0375.jpg,HR26BU0375,plates2,None
01063_KL07CB8599.jpg,KL07CB8599,plates2,None
01064_MH46Z8892.jpg,MH46Z8892,plates2,None
01065_UP65CM21149.jpg,UP65CM21149,plates2,None
01066_UP80CR00.jpg,UP80CR00,plates2,None
01067_KL25B2001.jpg,KL25B2001,plates2,None
01068_GJ051D9443.jpg,GJ051D9443,plates2,None
01069_GJ1KF1111.jpg,GJ1KF1111,plates2,None
01070_HR26DA2330.jpg,HR26DA2330,plates2,None
01071_KA04ME9869.jpg,KA04ME9869,plates2,None
01072_KA01D1330.jpg,KA01D1330,plates2,None
01073_GJ17TC214.jpg,GJ17TC214,plates2,None
01074_HR26DK6475.jpg,HR26DK6475,plates2,None
01075_MH14TCP237.jpg,MH14TCP237,plates2,None
01076_KL49H5270.jpg,KL49H5270,plates2,None
01077_MH04DW8351.jpg,MH04DW8351,plates2,None
01078_KL07BF5000.jpg,KL07BF5000,plates2,None
01079_TN19TC91.jpg,TN19TC91,plates2,None
01080_TN38BW1139.jpg,TN38BW1139,plates2,None
01081_TN42R2697.jpg,TN42R2697,plates2,None
01082_UP32FH2653.jpg,UP32FH2653,plates2,None
01083_KL10AW2814.jpg,KL10AW2814,plates2,None
01084_HPSX4000.jpg,HPSX4000,plates2,None
01085_KA51MJ2143.jpg,KA51MJ2143,plates2,None
01086_MH20EE0943.jpg,MH20EE0943,plates2,None
01087_KL7BZ99.jpg,KL7BZ99,plates2,None
01088_RJ27TC0530.jpg,RJ27TC0530,plates2,None
01089_PY01BL1155.jpg,PY01BL1155,plates2,None
01090_TN58AM1.jpg,TN58AM1,plates2,None
01091_TN21AU7234.jpg,TN21AU7234,plates2,None
01092_BLUR.jpg,BLUR,plates2,None
01093_TN66T5836.jpg,TN66T5836,plates2,None
01094_MH20CS1938.jpg,MH20CS1938,plates2,None
01095_TN19TC94.jpg,TN19TC94,plates2,None
01096_TN02BL9.jpg,TN02BL9,plates2,None
01097_GJ05JH2501.jpg,GJ05JH2501,plates2,None
01098_MH20DV2362.jpg,MH20DV2362,plates2,None
01099_UP16AB3726.jpg,UP16AB3726,plates2,None
01100_MH02B16890.jpg,MH02B16890,plates2,None
01101_KL10AW2111.jpg,KL10AW2111,plates2,None
01102_RJ09C84382.jpg,RJ09C84382,plates2,None
01103_PB08CX2959.jpg,PB08CX2959,plates2,None
01104_MH20BN3525.jpg,MH20BN3525,plates2,None
01105_TN42R2697.jpg,TN42R2697,plates2,None
01106_KL10AV6633.jpg,KL10AV6633,plates2,None
01107_HD02NP0.jpg,HD02NP0,plates2,None
01108_KL10AV6633.jpg,KL10AV6633,plates2,None
01109_AN01P9687.jpg,AN01P9687,plates3,AN
01110_AN01K9412.jpg,AN01K9412,plates3,AN
01111_AN01D4163.jpg,AN01D4163,plates3,AN
01112_AN01M4M.jpg,AN01M4M,plates3,AN
01113_AN01L6155.jpg,AN01L6155,plates3,AN
01114_AN01H1689.jpg,AN01H1689,plates3,AN
01115_AN01H0908.jpg,AN01H0908,plates3,AN
01116_AP05BY7799.jpg,AP05BY7799,plates3,AP
01117_AP39E1493.jpg,AP39E1493,plates3,AP
01118_AP310U7562.jpg,AP310U7562,plates3,AP
01119_AP39JJ5441.jpg,AP39JJ5441,plates3,AP
01120_AP10AS3445.jpg,AP10AS3445,plates3,AP
01121_AP28AT5333.jpg,AP28AT5333,plates3,AP
01122_AP39GR3492.jpg,AP39GR3492,plates3,AP
01123_AP31TP2282.jpg,AP31TP2282,plates3,AP
01124_AP16BS4500.jpg,AP16BS4500,plates3,AP
01125_AP04M7627.jpg,AP04M7627,plates3,AP
01126_AP07AN3915.jpg,AP07AN3915,plates3,AP
01127_AP04AS8753.jpg,AP04AS8753,plates3,AP
01128_AP31AT5064.jpg,AP31AT5064,plates3,AP
01129_AP16CH9545.jpg,AP16CH9545,plates3,AP
01130_AP39DL3537.jpg,AP39DL3537,plates3,AP
01131_AP07AD5555.jpg,AP07AD5555,plates3,AP
01132_AP26AM1260.jpg,AP26AM1260,plates3,AP
01133_AP31BR9501.jpg,AP31BR9501,plates3,AP
01134_AP31EF1155.jpg,AP31EF1155,plates3,AP
01135_AP31DF2833.jpg,AP31DF2833,plates3,AP
01136_AP2D4014.jpg,AP2D4014,plates3,AP
01137_AP31DT9378.jpg,AP31DT9378,plates3,AP
01138_AP31DA0020.jpg,AP31DA0020,plates3,AP
01139_AP37EJ2277.jpg,AP37EJ2277,plates3,AP
01140_AP05DY3395.jpg,AP05DY3395,plates3,AP
01141_AP39HZ0087.jpg,AP39HZ0087,plates3,AP
01142_AP04BA4464.jpg,AP04BA4464,plates3,AP
01143_AP5CG6320.jpg,AP5CG6320,plates3,AP
01144_AP31TV6847.jpg,AP31TV6847,plates3,AP
01145_AP31BG7827.jpg,AP31BG7827,plates3,AP
01146_AP318L4935.jpg,AP318L4935,plates3,AP
01147_AP31BL2833.jpg,AP31BL2833,plates3,AP
01148_AP31CS2511.jpg,AP31CS2511,plates3,AP
01149_AP39TP0211.jpg,AP39TP0211,plates3,AP
01150_AP31TV7236.jpg,AP31TV7236,plates3,AP
01151_AP31BL8656.jpg,AP31BL8656,plates3,AP
01152_AP16DP7065.jpg,AP16DP7065,plates3,AP
01153_AR048395.jpg,AR048395,plates3,AR
01154_AR152019.jpg,AR152019,plates3,AR
01155_AR01J0123.jpg,AR01J0123,plates3,AR
01156_AR118724.jpg,AR118724,plates3,AR
01157_AR200692.jpg,AR200692,plates3,AR
01158_AR01F2523.jpg,AR01F2523,plates3,AR
01159_AR169723.jpg,AR169723,plates3,AR
01160_AR01C5723.jpg,AR01C5723,plates3,AR
01161_AR168272.jpg,AR168272,plates3,AR
01162_AR02A7116.jpg,AR02A7116,plates3,AR
01163_AR08983.jpg,AR08983,plates3,AR
01164_AR01E1034.jpg,AR01E1034,plates3,AR
01165_AS23H2866.jpg,AS23H2866,plates3,AS
01166_AS01DG6002.jpg,AS01DG6002,plates3,AS
01167_AS01DS7523.jpg,AS01DS7523,plates3,AS
01168_AS25S6858.jpg,AS25S6858,plates3,AS
01169_AS018P2415.jpg,AS018P2415,plates3,AS
01170_AS01BF9673.jpg,AS01BF9673,plates3,AS
01171_AS01AL3746.jpg,AS01AL3746,plates3,AS
01172_AS01AR1986.jpg,AS01AR1986,plates3,AS
01173_AS04P4549.jpg,AS04P4549,plates3,AS
01174_AS06U1295.jpg,AS06U1295,plates3,AS
01175_AS07AC6653.jpg,AS07AC6653,plates3,AS
01176_AS01AT8119.jpg,AS01AT8119,plates3,AS
01177_AS23X5585.jpg,AS23X5585,plates3,AS
01178_AS01AN8668.jpg,AS01AN8668,plates3,AS
01179_AS19D9919.jpg,AS19D9919,plates3,AS
01180_AS23G2612.jpg,AS23G2612,plates3,AS
01181_AS01BS4362.jpg,AS01BS4362,plates3,AS
01182_AS06Z0841.jpg,AS06Z0841,plates3,AS
01183_AS23E0596.jpg,AS23E0596,plates3,AS
01184_AS23H0770.jpg,AS23H0770,plates3,AS
01185_AS12S6951.jpg,AS12S6951,plates3,AS
01186_AS06Q4437.jpg,AS06Q4437,plates3,AS
01187_AS01AM1419.jpg,AS01AM1419,plates3,AS
01188_AS04X2780.jpg,AS04X2780,plates3,AS
01189_BR32PA6558.jpg,BR32PA6558,plates3,BR
01190_BR02AF7424.jpg,BR02AF7424,plates3,BR
01191_BR03PA3803.jpg,BR03PA3803,plates3,BR
01192_BR01PL7594.jpg,BR01PL7594,plates3,BR
01193_BR01BL6628.jpg,BR01BL6628,plates3,BR
01194_BR01BR5435.jpg,BR01BR5435,plates3,BR
01195_BR33M0001.jpg,BR33M0001,plates3,BR
01196_BF06P00006.jpg,BF06P00006,plates3,BR
01197_BR01BD5042.jpg,BR01BD5042,plates3,BR
01198_BR01AZ6290.jpg,BR01AZ6290,plates3,BR
01199_BR06U2470.jpg,BR06U2470,plates3,BR
01200_BR01BE0777.jpg,BR01BE0777,plates3,BR
01201_BR7P3952.jpg,BR7P3952,plates3,BR
01202_BR44E1206.jpg,BR44E1206,plates3,BR
01203_BR01DG6692.jpg,BR01DG6692,plates3,BR
01204_BR01AW1250.jpg,BR01AW1250,plates3,BR
01205_CG04HD6930.jpg,CG04HD6930,plates3,CG
01206_CG22H7740.jpg,CG22H7740,plates3,CG
01207_CG04HA4553.jpg,CG04HA4553,plates3,CG
01208_CG12AG1130.jpg,CG12AG1130,plates3,CG
01209_CG16B1802.jpg,CG16B1802,plates3,CG
01210_CG09JA2359.jpg,CG09JA2359,plates3,CG
01211_CG07BR3255.jpg,CG07BR3255,plates3,CG
01212_CG07R2684.jpg,CG07R2684,plates3,CG
01213_CG07MA2529.jpg,CG07MA2529,plates3,CG
01214_CG07CA7784.jpg,CG07CA7784,plates3,CG
01215_CG07MA7848.jpg,CG07MA7848,plates3,CG
01216_CG251612.jpg,CG251612,plates3,CG
01217_CG04FJ5834.jpg,CG04FJ5834,plates3,CG
01218_CG13AE4060.jpg,CG13AE4060,plates3,CG
01219_CG04HV7009.jpg,CG04HV7009,plates3,CG
01220_CG22AB1111.jpg,CG22AB1111,plates3,CG
01221_CG08K2057.jpg,CG08K2057,plates3,CG
01222_CG04H5060.jpg,CG04H5060,plates3,CG
01223_CG04HC4887.jpg,CG04HC4887,plates3,CG
01224_CH01BQ5604.jpg,CH01BQ5604,plates3,CH
01225_CH01AB4559.jpg,CH01AB4559,plates3,CH
01226_CH01BL3528.jpg,CH01BL3528,plates3,CH
01227_CH03K7672.jpg,CH03K7672,plates3,CH
01228_CH01AX9090.jpg,CH01AX9090,plates3,CH
01229_CH01AP4538.jpg,CH01AP4538,plates3,CH
01230_CH01AZ2642.jpg,CH01AZ2642,plates3,CH
01231_CH01AL4920.jpg,CH01AL4920,plates3,CH
01232_CH01A09331.jpg,CH01A09331,plates3,CH
01233_CH01AF1382.jpg,CH01AF1382,plates3,CH
01234_DL6CJ8404.jpg,DL6CJ8404,plates3,DL
01235_DL9CAE1359.jpg,DL9CAE1359,plates3,DL
01236_DL9CAP8884.jpg,DL9CAP8884,plates3,DL
01237_DL5CH7599.jpg,DL5CH7599,plates3,DL
01238_DL12CJ9823.jpg,DL12CJ9823,plates3,DL
01239_DL9CAU4743.jpg,DL9CAU4743,plates3,DL
01240_DL8CZ7230.jpg,DL8CZ7230,plates3,DL
01241_DL9CAV1739.jpg,DL9CAV1739,plates3,DL
01242_DL1CS8739.jpg,DL1CS8739,plates3,DL
01243_DL1CT2782.jpg,DL1CT2782,plates3,DL
01244_DL6CR7002.jpg,DL6CR7002,plates3,DL
01245_DL12CL2555.jpg,DL12CL2555,plates3,DL
01246_DL12CS7886.jpg,DL12CS7886,plates3,DL
01247_DL6CL0457.jpg,DL6CL0457,plates3,DL
01248_DL2CAX2886.jpg,DL2CAX2886,plates3,DL
01249_DL3CCK8019.jpg,DL3CCK8019,plates3,DL
01250_DL9C0S1537.jpg,DL9C0S1537,plates3,DL
01251_DL11CA4900.jpg,DL11CA4900,plates3,DL
01252_DL10CA0986.jpg,DL10CA0986,plates3,DL
01253_DL40NA7238.jpg,DL40NA7238,plates3,DL
01254_DL8CAL4134.jpg,DL8CAL4134,plates3,DL
01255_DL8CAU6883.jpg,DL8CAU6883,plates3,DL
01256_DL10C05520.jpg,DL10C05520,plates3,DL
01257_DL8CNA1596.jpg,DL8CNA1596,plates3,DL
01258_DL2CAR0108.jpg,DL2CAR0108,plates3,DL
01259_DL4CNA7231.jpg,DL4CNA7231,plates3,DL
01260_DL8CNA5085.jpg,DL8CNA5085,plates3,DL
01261_DL3CBS5881.jpg,DL3CBS5881,plates3,DL
01262_DL4CAQ3231.jpg,DL4CAQ3231,plates3,DL
01263_DL9CAU5573.jpg,DL9CAU5573,plates3,DL
01264_DL12CN8660.jpg,DL12CN8660,plates3,DL
01265_DL4CAM9066.jpg,DL4CAM9066,plates3,DL
01266_DL12CK8643.jpg,DL12CK8643,plates3,DL
01267_DL10CH1252.jpg,DL10CH1252,plates3,DL
01268_DL2CH8634.jpg,DL2CH8634,plates3,DL
01269_DN09H2191.jpg,DN09H2191,plates3,DN
01270_DN09J1548.jpg,DN09J1548,plates3,DN
01271_DN09H0968.jpg,DN09H0968,plates3,DN
01272_DN09J0032.jpg,DN09J0032,plates3,DN
01273_DN09D2724.jpg,DN09D2724,plates3,DN
01274_DN0901438.jpg,DN0901438,plates3,DN
01275_DN0909704.jpg,DN0909704,plates3,DN
01276_DN09C0868.jpg,DN09C0868,plates3,DN
01277_GA03R9230.jpg,GA03R9230,plates3,GA
01278_GA01R6315.jpg,GA01R6315,plates3,GA
01279_GA03P2839.jpg,GA03P2839,plates3,GA
01280_GA03Y9512.jpg,GA03Y9512,plates3,GA
01281_GA07K6090.jpg,GA07K6090,plates3,GA
01282_GA08M0184.jpg,GA08M0184,plates3,GA
01283_GA01S5594.jpg,GA01S5594,plates3,GA
01284_GA01C2098.jpg,GA01C2098,plates3,GA
01285_GA01E5947.jpg,GA01E5947,plates3,GA
01286_GA02J2129.jpg,GA02J2129,plates3,GA
01287_GA07K7150.jpg,GA07K7150,plates3,GA
01288_GA05B5077.jpg,GA05B5077,plates3,GA
01289_GA06E3855.jpg,GA06E3855,plates3,GA
01290_GJ7AG4373.jpg,GJ7AG4373,plates3,GJ
01291_GJ01RA8370.jpg,GJ01RA8370,plates3,GJ
01292_GJ06HS1855.jpg,GJ06HS1855,plates3,GJ
01293_GJ06PA0097.jpg,GJ06PA0097,plates3,GJ
01294_GJ06KP8508.jpg,GJ06KP8508,plates3,GJ
01295_GJ06DG9355.jpg,GJ06DG9355,plates3,GJ
01296_GJ01HS1902.jpg,GJ01HS1902,plates3,GJ
01297_GJ01KC9959.jpg,GJ01KC9959,plates3,GJ
01298_GJ06DQ3712.jpg,GJ06DQ3712,plates3,GJ
01299_GJ01RN4259.jpg,GJ01RN4259,plates3,GJ
01300_GJ15CB3980.jpg,GJ15CB3980,plates3,GJ
01301_GJ01RK2430.jpg,GJ01RK2430,plates3,GJ
01302_GJ12CG2526.jpg,GJ12CG2526,plates3,GJ
01303_GJ18BD5216.jpg,GJ18BD5216,plates3,GJ
01304_GJ01RS0198.jpg,GJ01RS0198,plates3,GJ
01305_GJ23CC8798.jpg,GJ23CC8798,plates3,GJ
01306_GJ01HM5887.jpg,GJ01HM5887,plates3,GJ
01307_GJ09AG8384.jpg,GJ09AG8384,plates3,GJ
01308_GJ18BK6705.jpg,GJ18BK6705,plates3,GJ
01309_GJ05JB6589.jpg,GJ05JB6589,plates3,GJ
01310_GJ01RM3413.jpg,GJ01RM3413,plates3,GJ
01311_GJ06JE4788.jpg,GJ06JE4788,plates3,GJ
01312_GJ1SCG7928.jpg,GJ1SCG7928,plates3,GJ
01313_GJ06FK2977.jpg,GJ06FK2977,plates3,GJ
01314_GJ34B9811.jpg,GJ34B9811,plates3,GJ
01315_GJ16CH9827.jpg,GJ16CH9827,plates3,GJ
01316_GJ05RE8119.jpg,GJ05RE8119,plates3,GJ
01317_HP12H1324.jpg,HP12H1324,plates3,HP
01318_HP52B5958.jpg,HP52B5958,plates3,HP
01319_HP12H7917.jpg,HP12H7917,plates3,HP
01320_HP36E3330.jpg,HP36E3330,plates3,HP
01321_HP34C8986.jpg,HP34C8986,plates3,HP
01322_HP3SG1539.jpg,HP3SG1539,plates3,HP
01323_HP22E8000.jpg,HP22E8000,plates3,HP
01324_HP302165.jpg,HP302165,plates3,HP
01325_HP20E3953.jpg,HP20E3953,plates3,HP
01326_HP24C8D32.jpg,HP24C8D32,plates3,HP
01327_HP54C6564.jpg,HP54C6564,plates3,HP
01328_HP16A2014.jpg,HP16A2014,plates3,HP
01329_HP40B8992.jpg,HP40B8992,plates3,HP
01330_HP64B3380.jpg,HP64B3380,plates3,HP
01331_HP666807.jpg,HP666807,plates3,HP
01332_HP48B2252.jpg,HP48B2252,plates3,HP
01333_HP01N0304.jpg,HP01N0304,plates3,HP
01334_HP01A7630.jpg,HP01A7630,plates3,HP
01335_HP12C3766.jpg,HP12C3766,plates3,HP
01336_HP719898.jpg,HP719898,plates3,HP
01337_HP23A6365.jpg,HP23A6365,plates3,HP
01338_HR26BQ8176.jpg,HR26BQ8176,plates3,HR
01339_HR26BY4812.jpg,HR26BY4812,plates3,HR
01340_HR01H4731.jpg,HR01H4731,plates3,HR
01341_HR29R9466.jpg,HR29R9466,plates3,HR
01342_HR51AQ0911.jpg,HR51AQ0911,plates3,HR
01343_HR51BU8218.jpg,HR51BU8218,plates3,HR
01344_HR29K7840.jpg,HR29K7840,plates3,HR
01345_HR56B2626.jpg,HR56B2626,plates3,HR
01346_HR26BK8597.jpg,HR26BK8597,plates3,HR
01347_HR26DM2296.jpg,HR26DM2296,plates3,HR
01348_HR29AQ4939.jpg,HR29AQ4939,plates3,HR
01349_HR71F9259.jpg,HR71F9259,plates3,HR
01350_HR26EJ7668.jpg,HR26EJ7668,plates3,HR
01351_HR4281329.jpg,HR4281329,plates3,HR
01352_HR09G8378.jpg,HR09G8378,plates3,HR
01353_HR29W8286.jpg,HR29W8286,plates3,HR
01354_HR10AE9885.jpg,HR10AE9885,plates3,HR
01355_HR26CC7676.jpg,HR26CC7676,plates3,HR
01356_HR26DJ8832.jpg,HR26DJ8832,plates3,HR
01357_HR01W0080.jpg,HR01W0080,plates3,HR
01358_HR20X8432.jpg,HR20X8432,plates3,HR
01359_HR29AS0015.jpg,HR29AS0015,plates3,HR
01360_JH01Z3792.jpg,JH01Z3792,plates3,JH
01361_JH02AD2533.jpg,JH02AD2533,plates3,JH
01362_JH01BC5210.jpg,JH01BC5210,plates3,JH
01363_JH01AX5392.jpg,JH01AX5392,plates3,JH
01364_JH01AM2354.jpg,JH01AM2354,plates3,JH
01365_JH10BV1496.jpg,JH10BV1496,plates3,JH
01366_JH08C0625.jpg,JH08C0625,plates3,JH
01367_JH10S5378.jpg,JH10S5378,plates3,JH
01368_JH01AR2011.jpg,JH01AR2011,plates3,JH
01369_JH05S3291.jpg,JH05S3291,plates3,JH
01370_JH05Y9636.jpg,JH05Y9636,plates3,JH
01371_JH01AM0100.jpg,JH01AM0100,plates3,JH
01372_JH01DB1881.jpg,JH01DB1881,plates3,JH
01373_JH09AA2570.jpg,JH09AA2570,plates3,JH
01374_JH02AH0750.jpg,JH02AH0750,plates3,JH
01375_JH01BX0013.jpg,JH01BX0013,plates3,JH
01376_JH04C7104.jpg,JH04C7104,plates3,JH
01377_JH01BU9956.jpg,JH01BU9956,plates3,JH
01378_JK02BF5058.jpg,JK02BF5058,plates3,JK
01379_JK02AK8967.jpg,JK02AK8967,plates3,JK
01380_JK03D7750.jpg,JK03D7750,plates3,JK
01381_JK01AD3147.jpg,JK01AD3147,plates3,JK
01382_JK01AF7715.jpg,JK01AF7715,plates3,JK
01383_JK11D8143.jpg,JK11D8143,plates3,JK
01384_JK02AJ1525.jpg,JK02AJ1525,plates3,JK
01385_JK09B7745.jpg,JK09B7745,plates3,JK
01386_JK02AS3888.jpg,JK02AS3888,plates3,JK
01387_JK1182360.jpg,JK1182360,plates3,JK
01388_JK127959.jpg,JK127959,plates3,JK
01389_JK02BJ7997.jpg,JK02BJ7997,plates3,JK
01390_JK02BJ4045.jpg,JK02BJ4045,plates3,JK
01391_JK01AL4613.jpg,JK01AL4613,plates3,JK
01392_JK02CC0447.jpg,JK02CC0447,plates3,JK
01393_JK02BN3088.jpg,JK02BN3088,plates3,JK
01394_JK02AG2454.jpg,JK02AG2454,plates3,JK
01395_JK01D8354.jpg,JK01D8354,plates3,JK
01396_JK10A5217.jpg,JK10A5217,plates3,JK
01397_JK01AF0310.jpg,JK01AF0310,plates3,JK
01398_JK02BL1212.jpg,JK02BL1212,plates3,JK
01399_JK02ACB876.jpg,JK02ACB876,plates3,JK
01400_JK03A8042.jpg,JK03A8042,plates3,JK
01401_JK13C4452.jpg,JK13C4452,plates3,JK
01402_JK10B2313.jpg,JK10B2313,plates3,JK
01403_JK10A4638.jpg,JK10A4638,plates3,JK
01404_JK072483.jpg,JK072483,plates3,JK
01405_JK01M4723.jpg,JK01M4723,plates3,JK
01406_JK05H3594.jpg,JK05H3594,plates3,JK
01407_JK01R8021.jpg,JK01R8021,plates3,JK
01408_JK11B4928.jpg,JK11B4928,plates3,JK
01409_JK02W2657.jpg,JK02W2657,plates3,JK
01410_JK02CD0461.jpg,JK02CD0461,plates3,JK
01411_KA03MQ6984.jpg,KA03MQ6984,plates3,KA
01412_KA04MG7528.jpg,KA04MG7528,plates3,KA
01413_KA04MK0368.jpg,KA04MK0368,plates3,KA
01414_KA02MF3336.jpg,KA02MF3336,plates3,KA
01415_KA03NC7167.jpg,KA03NC7167,plates3,KA
01416_KA01MG1660.jpg,KA01MG1660,plates3,KA
01417_KA04MK312.jpg,KA04MK312,plates3,KA
01418_KA03MQ6984.jpg,KA03MQ6984,plates3,KA
01419_KA05MF1762.jpg,KA05MF1762,plates3,KA
01420_KA19MF1763.jpg,KA19MF1763,plates3,KA
01421_KA28M3589.jpg,KA28M3589,plates3,KA
01422_KA51ML4025.jpg,KA51ML4025,plates3,KA
01423_KA25P5080.jpg,KA25P5080,plates3,KA
01424_KA38M8037.jpg,KA38M8037,plates3,KA
01425_KA06C9590.jpg,KA06C9590,plates3,KA
01426_KA38M8037.jpg,KA38M8037,plates3,KA
01427_KA53P7604.jpg,KA53P7604,plates3,KA
01428_KA51P7755.jpg,KA51P7755,plates3,KA
01429_KA51D9662.jpg,KA51D9662,plates3,KA
01430_KA01MB9714.jpg,KA01MB9714,plates3,KA
01431_KL45C4411.jpg,KL45C4411,plates3,KL
01432_KL0BBJ5001.jpg,KL0BBJ5001,plates3,KL
01433_KL03S6394.jpg,KL03S6394,plates3,KL
01434_KL43G6619.jpg,KL43G6619,plates3,KL
01435_KL43D4444.jpg,KL43D4444,plates3,KL
01436_KL43D4389.jpg,KL43D4389,plates3,KL
01437_KL02AF6723.jpg,KL02AF6723,plates3,KL
01438_KL27D9809.jpg,KL27D9809,plates3,KL
01439_KL34A7564.jpg,KL34A7564,plates3,KL
01440_KL46R3613.jpg,KL46R3613,plates3,KL
01441_KL41M93.jpg,KL41M93,plates3,KL
01442_KL07BU7707.jpg,KL07BU7707,plates3,KL
01443_KL16U8863.jpg,KL16U8863,plates3,KL
01444_LA020749.jpg,LA020749,plates3,LA
01445_MH06AB8620.jpg,MH06AB8620,plates3,MH
01446_MH11CQ8516.jpg,MH11CQ8516,plates3,MH
01447_MH36H5700.jpg,MH36H5700,plates3,MH
01448_MH12NJ5838.jpg,MH12NJ5838,plates3,MH
01449_MH05BS3471.jpg,MH05BS3471,plates3,MH
01450_MH43X8997.jpg,MH43X8997,plates3,MH
01451_MH05EQ4066.jpg,MH05EQ4066,plates3,MH
01452_MH12GR862.jpg,MH12GR862,plates3,MH
01453_MH01BT7906.jpg,MH01BT7906,plates3,MH
01454_MH12HN4507.jpg,MH12HN4507,plates3,MH
01455_MH12KN8366.jpg,MH12KN8366,plates3,MH
01456_MH48AK2798.jpg,MH48AK2798,plates3,MH
01457_MH12KJ7659.jpg,MH12KJ7659,plates3,MH
01458_MH04DR8508.jpg,MH04DR8508,plates3,MH
01459_MH05CH1754.jpg,MH05CH1754,plates3,MH
01460_MH49AS5099.jpg,MH49AS5099,plates3,MH
01461_MH04HF5092.jpg,MH04HF5092,plates3,MH
01462_MH12FK1392.jpg,MH12FK1392,plates3,MH
01463_MH12HF5057.jpg,MH12HF5057,plates3,MH
01464_MH48AC6244.jpg,MH48AC6244,plates3,MH
01465_MH12MF6822.jpg,MH12MF6822,plates3,MH
01466_MH47N0712.jpg,MH47N0712,plates3,MH
01467_MH12KY6921.jpg,MH12KY6921,plates3,MH
01468_MH02DN7410.jpg,MH02DN7410,plates3,MH
01469_ML05F6894.jpg,ML05F6894,plates3,ML
01470_ML06A1659.jpg,ML06A1659,plates3,ML
01471_ML05L1434.jpg,ML05L1434,plates3,ML
01472_ML05F9854.jpg,ML05F9854,plates3,ML
01473_ML05H1958.jpg,ML05H1958,plates3,ML
01474_ML10B9308.jpg,ML10B9308,plates3,ML
01475_ML111909.jpg,ML111909,plates3,ML
01476_ML133317.jpg,ML133317,plates3,ML
01477_ML05L5154.jpg,ML05L5154,plates3,ML
01478_ML10B4503.jpg,ML10B4503,plates3,ML
01479_ML04C0056.jpg,ML04C0056,plates3,ML
01480_ML05Q8790.jpg,ML05Q8790,plates3,ML
01481_ML137827.jpg,ML137827,plates3,ML
01482_ML05J3288.jpg,ML05J3288,plates3,ML
01483_ML1032811.jpg,ML1032811,plates3,ML
01484_ML05R1934.jpg,ML05R1934,plates3,ML
01485_ML0563550.jpg,ML0563550,plates3,ML
01486_ML04B8389.jpg,ML04B8389,plates3,ML
01487_ML068346.jpg,ML068346,plates3,ML
01488_ML05K9494.jpg,ML05K9494,plates3,ML
01489_ML08C8061.jpg,ML08C8061,plates3,ML
01490_ML04C4738.jpg,ML04C4738,plates3,ML
01491_ML05C5389.jpg,ML05C5389,plates3,ML
01492_ML05J8950.jpg,ML05J8950,plates3,ML
01493_ML10C2674.jpg,ML10C2674,plates3,ML
01494_ML04B8918.jpg,ML04B8918,plates3,ML
01495_ML05H6564.jpg,ML05H6564,plates3,ML
01496_ML05G3474.jpg,ML05G3474,plates3,ML
01497_ML08B1100.jpg,ML08B1100,plates3,ML
01498_ML08E9223.jpg,ML08E9223,plates3,ML
01499_ML064696.jpg,ML064696,plates3,ML
01500_ML05D0571.jpg,ML05D0571,plates3,ML
01501_ML069642.jpg,ML069642,plates3,ML
01502_ML087084.jpg,ML087084,plates3,ML
01503_MN05A6028.jpg,MN05A6028,plates3,MN
01504_MN01G0297.jpg,MN01G0297,plates3,MN
01505_MN06LA0861.jpg,MN06LA0861,plates3,MN
01506_MN01G5395.jpg,MN01G5395,plates3,MN
01507_MN01K5346.jpg,MN01K5346,plates3,MN
01508_MP04CL3546.jpg,MP04CL3546,plates3,MP
01509_MP08CA6293.jpg,MP08CA6293,plates3,MP
01510_MP07CB8897.jpg,MP07CB8897,plates3,MP
01511_MP04CL8840.jpg,MP04CL8840,plates3,MP
01512_MP65C0654.jpg,MP65C0654,plates3,MP
01513_MP09CK4943.jpg,MP09CK4943,plates3,MP
01514_MP20TA0919.jpg,MP20TA0919,plates3,MP
01515_MP07CA5563.jpg,MP07CA5563,plates3,MP
01516_MP09BD1270.jpg,MP09BD1270,plates3,MP
01517_MP09CQ9712.jpg,MP09CQ9712,plates3,MP
01518_MP45G0872.jpg,MP45G0872,plates3,MP
01519_MZ01G9825.jpg,MZ01G9825,plates3,MZ
01520_NL01CB433.jpg,NL01CB433,plates3,NL
01521_NL078440.jpg,NL078440,plates3,NL
01522_NL02C3947.jpg,NL02C3947,plates3,NL
01523_NL07CA7631.jpg,NL07CA7631,plates3,NL
01524_NL02C9593.jpg,NL02C9593,plates3,NL
01525_NL01T8152.jpg,NL01T8152,plates3,NL
01526_NL07T0937.jpg,NL07T0937,plates3,NL
01527_NL02C6709.jpg,NL02C6709,plates3,NL
01528_OD05K6964.jpg,OD05K6964,plates3,OD
01529_OR02BV0701.jpg,OR02BV0701,plates3,OD
01530_OR05AN4494.jpg,OR05AN4494,plates3,OD
01531_OD052323.jpg,OD052323,plates3,OD
01532_OD02L4656.jpg,OD02L4656,plates3,OD
01533_OD05Y5787.jpg,OD05Y5787,plates3,OD
01534_OR14U8730.jpg,OR14U8730,plates3,OD
01535_OD14B7432.jpg,OD14B7432,plates3,OD
01536_OD22J9911.jpg,OD22J9911,plates3,OD
01537_OD11P6123.jpg,OD11P6123,plates3,OD
01538_OD01Q4668.jpg,OD01Q4668,plates3,OD
01539_OR05AC0422.jpg,OR05AC0422,plates3,OD
01540_OR21E1033.jpg,OR21E1033,plates3,OD
01541_OD02J0435.jpg,OD02J0435,plates3,OD
01542_OD02AP3010.jpg,OD02AP3010,plates3,OD
01543_OD021481.jpg,OD021481,plates3,OD
01544_OD25F7400.jpg,OD25F7400,plates3,OD
01545_OD02V0007.jpg,OD02V0007,plates3,OD
01546_OD02C2836.jpg,OD02C2836,plates3,OD
01547_OD14E3131.jpg,OD14E3131,plates3,OD
01548_OR08F1001.jpg,OR08F1001,plates3,OD
01549_OD33L2616.jpg,OD33L2616,plates3,OD
01550_PB11BG7347.jpg,PB11BG7347,plates3,PB
01551_PB11BN6101.jpg,PB11BN6101,plates3,PB
01552_PB08C03690.jpg,PB08C03690,plates3,PB
01553_PB07BY3563.jpg,PB07BY3563,plates3,PB
01554_PB08DT7342.jpg,PB08DT7342,plates3,PB
01555_PB10EH0164.jpg,PB10EH0164,plates3,PB
01556_PB30L5010.jpg,PB30L5010,plates3,PB
01557_PB23S8600.jpg,PB23S8600,plates3,PB
01558_PB08BF6160.jpg,PB08BF6160,plates3,PB
01559_PB10CX0209.jpg,PB10CX0209,plates3,PB
01560_PB04S4253.jpg,PB04S4253,plates3,PB
01561_PB31R8123.jpg,PB31R8123,plates3,PB
01562_PB37A8269.jpg,PB37A8269,plates3,PB
01563_PB06AN6162.jpg,PB06AN6162,plates3,PB
01564_PB02CC7299.jpg,PB02CC7299,plates3,PB
01565_PB02DY7380.jpg,PB02DY7380,plates3,PB
01566_PB10CK5005.jpg,PB10CK5005,plates3,PB
01567_PB04T0678.jpg,PB04T0678,plates3,PB
01568_PB65AN2583.jpg,PB65AN2583,plates3,PB
01569_PB10EE0888.jpg,PB10EE0888,plates3,PB
01570_PB08DY4824.jpg,PB08DY4824,plates3,PB
01571_PB07BL8058.jpg,PB07BL8058,plates3,PB
01572_PB2313752.jpg,PB2313752,plates3,PB
01573_PB13AF6756.jpg,PB13AF6756,plates3,PB
01574_PB10DV5354.jpg,PB10DV5354,plates3,PB
01575_PB10CQ0006.jpg,PB10CQ0006,plates3,PB
01576_PB35F9333.jpg,PB35F9333,plates3,PB
01577_PY01Q7947.jpg,PY01Q7947,plates3,PY
01578_PY01CE4149.jpg,PY01CE4149,plates3,PY
01579_PY01AH9067.jpg,PY01AH9067,plates3,PY
01580_PY01CG2929.jpg,PY01CG2929,plates3,PY
01581_PY01CV2447.jpg,PY01CV2447,plates3,PY
01582_PY05A8339.jpg,PY05A8339,plates3,PY
01583_PY01BU2406.jpg,PY01BU2406,plates3,PY
01584_PY02S9326.jpg,PY02S9326,plates3,PY
01585_PY02L4602.jpg,PY02L4602,plates3,PY
01586_PY01CM9549.jpg,PY01CM9549,plates3,PY
01587_PY01CM5400.jpg,PY01CM5400,plates3,PY
01588_PY02S7828.jpg,PY02S7828,plates3,PY
01589_PY01AW2814.jpg,PY01AW2814,plates3,PY
01590_PY01AP0555.jpg,PY01AP0555,plates3,PY
01591_PY036993.jpg,PY036993,plates3,PY
01592_PY01BD9020.jpg,PY01BD9020,plates3,PY
01593_PY055353.jpg,PY055353,plates3,PY
01594_RJ14CM3730.jpg,RJ14CM3730,plates3,RJ
01595_RJ14CW4115.jpg,RJ14CW4115,plates3,RJ
01596_RJ20CD5118.jpg,RJ20CD5118,plates3,RJ
01597_RJ14CF5807.jpg,RJ14CF5807,plates3,RJ
01598_RJ23CB2272.jpg,RJ23CB2272,plates3,RJ
01599_RJ23CB4320.jpg,RJ23CB4320,plates3,RJ
01600_RJ20UB0137.jpg,RJ20UB0137,plates3,RJ
01601_SK01PA2969.jpg,SK01PA2969,plates3,SK
01602_SK01PB5004.jpg,SK01PB5004,plates3,SK
01603_SK02P1078.jpg,SK02P1078,plates3,SK
01604_SK01T3835.jpg,SK01T3835,plates3,SK
01605_SK05T0338.jpg,SK05T0338,plates3,SK
01606_SK01T3794.jpg,SK01T3794,plates3,SK
01607_SK01PA7708.jpg,SK01PA7708,plates3,SK
01608_SK01PA4521.jpg,SK01PA4521,plates3,SK
01609_SK01PB3596.jpg,SK01PB3596,plates3,SK
01610_SK04P1320.jpg,SK04P1320,plates3,SK
01611_SK02P3471.jpg,SK02P3471,plates3,SK
01612_SK01PA5349.jpg,SK01PA5349,plates3,SK
01613_SK01T8791.jpg,SK01T8791,plates3,SK
01614_TN63BV7954.jpg,TN63BV7954,plates3,TN
01615_TN69AJ4455.jpg,TN69AJ4455,plates3,TN
01616_TN76V1978.jpg,TN76V1978,plates3,TN
01617_TN02AU9295.jpg,TN02AU9295,plates3,TN
01618_TN10AR0131.jpg,TN10AR0131,plates3,TN
01619_TN47T4464.jpg,TN47T4464,plates3,TN
01620_TN19F0816.jpg,TN19F0816,plates3,TN
01621_TN07BT5778.jpg,TN07BT5778,plates3,TN
01622_TN07AP0659.jpg,TN07AP0659,plates3,TN
01623_TN19Q0835.jpg,TN19Q0835,plates3,TN
01624_TR05B0308.jpg,TR05B0308,plates3,TR
01625_TR07D0569.jpg,TR07D0569,plates3,TR
01626_TR03H0259.jpg,TR03H0259,plates3,TR
01627_TR02L0569.jpg,TR02L0569,plates3,TR
01628_TR01N0481.jpg,TR01N0481,plates3,TR
01629_TR01X0482.jpg,TR01X0482,plates3,TR
01630_TR01BG0365.jpg,TR01BG0365,plates3,TR
01631_TR03F0375.jpg,TR03F0375,plates3,TR
01632_TR01E2157.jpg,TR01E2157,plates3,TR
01633_TR01AS0609.jpg,TR01AS0609,plates3,TR
01634_TS08FQ1262.jpg,TS08FQ1262,plates3,TS
01635_TS11EQ2914.jpg,TS11EQ2914,plates3,TS
01636_TS08FZ8298.jpg,TS08FZ8298,plates3,TS
01637_TS09UA7948.jpg,TS09UA7948,plates3,TS
01638_TS15ES0894.jpg,TS15ES0894,plates3,TS
01639_TS36H6578.jpg,TS36H6578,plates3,TS
01640_TS13EK6213.jpg,TS13EK6213,plates3,TS
01641_TS07HM2684.jpg,TS07HM2684,plates3,TS
01642_TS07EL3335.jpg,TS07EL3335,plates3,TS
01643_TS09EZ9293.jpg,TS09EZ9293,plates3,TS
01644_TS09EZ9296.jpg,TS09EZ9296,plates3,TS
01645_TS09EA4088.jpg,TS09EA4088,plates3,TS
01646_TS18T3899.jpg,TS18T3899,plates3,TS
01647_TS08EZ9463.jpg,TS08EZ9463,plates3,TS
01648_TS09EG6565.jpg,TS09EG6565,plates3,TS
01649_TS21J8351.jpg,TS21J8351,plates3,TS
01650_UK08W2276.jpg,UK08W2276,plates3,UK
01651_UK07AA2432.jpg,UK07AA2432,plates3,UK
01652_UK06CB4595.jpg,UK06CB4595,plates3,UK
01653_UK185763.jpg,UK185763,plates3,UK
01654_UP23K0008.jpg,UP23K0008,plates3,UK
01655_UK106679.jpg,UK106679,plates3,UK
01656_UK07055789.jpg,UK07055789,plates3,UK
01657_UK07AM5665.jpg,UK07AM5665,plates3,UK
01658_UK07BK5014.jpg,UK07BK5014,plates3,UK
01659_UK06J3953.jpg,UK06J3953,plates3,UK
01660_UP57H8173.jpg,UP57H8173,plates3,UP
01661_UP78DB3730.jpg,UP78DB3730,plates3,UP
01662_UP53AK1161.jpg,UP53AK1161,plates3,UP
01663_UP14CV7920.jpg,UP14CV7920,plates3,UP
01664_UP16BD4866.jpg,UP16BD4866,plates3,UP
01665_UP79L0567.jpg,UP79L0567,plates3,UP
01666_UP32KW7325.jpg,UP32KW7325,plates3,UP
01667_UP32CX3400.jpg,UP32CX3400,plates3,UP
01668_UP45Q3028.jpg,UP45Q3028,plates3,UP
01669_UP85BN4203.jpg,UP85BN4203,plates3,UP
01670_UP14AK8604.jpg,UP14AK8604,plates3,UP
01671_UP52AH9705.jpg,UP52AH9705,plates3,UP
01672_UP11AY0646.jpg,UP11AY0646,plates3,UP
01673_UP78ED0449.jpg,UP78ED0449,plates3,UP
01674_UP27Z7322.jpg,UP27Z7322,plates3,UP
01675_UP32BF3577.jpg,UP32BF3577,plates3,UP
01676_UP14AX9754.jpg,UP14AX9754,plates3,UP
01677_UP70ET7816.jpg,UP70ET7816,plates3,UP
01678_UP32HY6077.jpg,UP32HY6077,plates3,UP
01679_UP14AF3804.jpg,UP14AF3804,plates3,UP
01680_UP80FA1666.jpg,UP80FA1666,plates3,UP
01681_UP16U3849.jpg,UP16U3849,plates3,UP
01682_UP32EC5577.jpg,UP32EC5577,plates3,UP
01683_UP16AJ0704.jpg,UP16AJ0704,plates3,UP
01684_WB26T6688.jpg,WB26T6688,plates3,WB
01685_WB08A4101.jpg,WB08A4101,plates3,WB
01686_WB26S5093.jpg,WB26S5093,plates3,WB
01687_WB26K2760.jpg,WB26K2760,plates3,WB
01688_WB36G6682.jpg,WB36G6682,plates3,WB
01689_WB12AX2987.jpg,WB12AX2987,plates3,WB
01690_WB06J9177.jpg,WB06J9177,plates3,WB
01691_WB02AJ4534.jpg,WB02AJ4534,plates3,WB
01692_WB06J2192.jpg,WB06J2192,plates3,WB
01693_WB061061.jpg,WB061061,plates3,WB
01694_WB02M8447.jpg,WB02M8447,plates3,WB
01695_WB171717.jpg,WB171717,plates3,WB
01696_WB02W9S3S.jpg,WB02W9S3S,plates3,WB
01697_WB20H0271.jpg,WB20H0271,plates3,WB
01698_WB20AG9041.jpg,WB20AG9041,plates3,WB
01699_WB06H2237.jpg,WB06H2237,plates3,WB
01700_WB02A03017.jpg,WB02A03017,plates3,WB
01701_WB02AD4162.jpg,WB02AD4162,plates3,WB
01702_WB02AM8548.jpg,WB02AM8548,plates3,WB
01703_WB70G3763.jpg,WB70G3763,plates3,WB
01704_WB02X8795.jpg,WB02X8795,plates3,WB
01705_WB06G4120.jpg,WB06G4120,plates3,WB
01706_WB02AH4655.jpg,WB02AH4655,plates3,WB
01707_WB06J4432.jpg,WB06J4432,plates3,WB
01708_WB02AA5580.jpg,WB02AA5580,plates3,WB